id,gitbook_path,cookbook_file,cookbook_line_range,status
guides/build-end-to-end-rag-pipeline/adding-document-references#installation/linux-macos-or-windows-wsl:1,guides/build-end-to-end-rag-pipeline/adding-document-references.md,,,UNMAPPED
guides/build-end-to-end-rag-pipeline/adding-document-references#installation/windows-powershell:1,guides/build-end-to-end-rag-pipeline/adding-document-references.md,,,UNMAPPED
guides/build-end-to-end-rag-pipeline/adding-document-references#installation/windows-command-prompt:1,guides/build-end-to-end-rag-pipeline/adding-document-references.md,,,UNMAPPED
guides/build-end-to-end-rag-pipeline/adding-document-references#project-setup/extend-your-rag-pipeline-project:1,guides/build-end-to-end-rag-pipeline/adding-document-references.md,,,UNMAPPED
guides/build-end-to-end-rag-pipeline/adding-document-references#1-build-the-reference-formatter-pipeline/create-the-reference-formatter-step:1,guides/build-end-to-end-rag-pipeline/adding-document-references.md,how-to-guides/build_end_to_end_rag_pipeline/004_adding_document_references/pipeline.py,12-49,CONTENT_DRIFT
guides/build-end-to-end-rag-pipeline/adding-document-references#1-build-the-reference-formatter-pipeline/compose-the-final-pipeline:1,guides/build-end-to-end-rag-pipeline/adding-document-references.md,how-to-guides/build_end_to_end_rag_pipeline/004_adding_document_references/pipeline.py,50-50,IN_SYNC
guides/build-end-to-end-rag-pipeline/adding-document-references#2-run-the-pipeline/configure-and-invoke-the-pipeline:1,guides/build-end-to-end-rag-pipeline/adding-document-references.md,how-to-guides/build_end_to_end_rag_pipeline/004_adding_document_references/pipeline.py,54-63,IN_SYNC
guides/build-end-to-end-rag-pipeline/adding-document-references#2-run-the-pipeline/observe-output:1,guides/build-end-to-end-rag-pipeline/adding-document-references.md,,,UNMAPPED
guides/build-end-to-end-rag-pipeline/caching#installation/linux-macos-or-windows-wsl:1,guides/build-end-to-end-rag-pipeline/caching.md,,,UNMAPPED
guides/build-end-to-end-rag-pipeline/caching#installation/windows-powershell:1,guides/build-end-to-end-rag-pipeline/caching.md,,,UNMAPPED
guides/build-end-to-end-rag-pipeline/caching#installation/windows-command-prompt:1,guides/build-end-to-end-rag-pipeline/caching.md,,,UNMAPPED
guides/build-end-to-end-rag-pipeline/caching#project-setup/extend-your-rag-pipeline-project:1,guides/build-end-to-end-rag-pipeline/caching.md,,,UNMAPPED
guides/build-end-to-end-rag-pipeline/caching#1-set-up-your-cache-data-store/create-the-cache-data-store:1,guides/build-end-to-end-rag-pipeline/caching.md,,,UNMAPPED
guides/build-end-to-end-rag-pipeline/caching#option-1-pipeline-level-caching/enable-caching-for-the-entire-pipeline:1,guides/build-end-to-end-rag-pipeline/caching.md,how-to-guides/build_end_to_end_rag_pipeline/008_caching/pipeline.py,15-54,CONTENT_DRIFT
guides/build-end-to-end-rag-pipeline/caching#option-2-multi-level-caching/enable-caching-for-the-step-and-pipeline-level:1,guides/build-end-to-end-rag-pipeline/caching.md,how-to-guides/build_end_to_end_rag_pipeline/008_caching/pipeline.py,15-54,CONTENT_DRIFT
guides/build-end-to-end-rag-pipeline/caching#3-run-the-pipeline/configure-the-pipeline-state-for-testing:1,guides/build-end-to-end-rag-pipeline/caching.md,,,UNMAPPED
guides/build-end-to-end-rag-pipeline/caching#3-run-the-pipeline/run-the-pipeline-first-time-cache-miss:1,guides/build-end-to-end-rag-pipeline/caching.md,,,UNMAPPED
guides/build-end-to-end-rag-pipeline/caching#3-run-the-pipeline/run-the-same-pipeline-again-cache-hit:1,guides/build-end-to-end-rag-pipeline/caching.md,,,UNMAPPED
guides/build-end-to-end-rag-pipeline/dynamic-step#installation/linux-macos-or-windows-wsl:1,guides/build-end-to-end-rag-pipeline/dynamic-step.md,,,UNMAPPED
guides/build-end-to-end-rag-pipeline/dynamic-step#installation/windows-powershell:1,guides/build-end-to-end-rag-pipeline/dynamic-step.md,,,UNMAPPED
guides/build-end-to-end-rag-pipeline/dynamic-step#installation/windows-command-prompt:1,guides/build-end-to-end-rag-pipeline/dynamic-step.md,,,UNMAPPED
guides/build-end-to-end-rag-pipeline/dynamic-step#project-setup/extend-your-rag-pipeline-project:1,guides/build-end-to-end-rag-pipeline/dynamic-step.md,,,UNMAPPED
guides/build-end-to-end-rag-pipeline/dynamic-step#create-the-enhanced-pipeline/define-the-toggle-state:1,guides/build-end-to-end-rag-pipeline/dynamic-step.md,how-to-guides/build_end_to_end_rag_pipeline/002_dynamic_step/pipeline.py,21-26,CONTENT_DRIFT
guides/build-end-to-end-rag-pipeline/dynamic-step#create-the-enhanced-pipeline/create-the-toggle-steptutorialsorchestrationstepstoggle:1,guides/build-end-to-end-rag-pipeline/dynamic-step.md,how-to-guides/build_end_to_end_rag_pipeline/002_dynamic_step/pipeline.py,50-53,IN_SYNC
guides/build-end-to-end-rag-pipeline/dynamic-step#create-the-enhanced-pipeline/compose-the-final-pipeline:1,guides/build-end-to-end-rag-pipeline/dynamic-step.md,how-to-guides/build_end_to_end_rag_pipeline/002_dynamic_step/pipeline.py,55-56,IN_SYNC
guides/build-end-to-end-rag-pipeline/dynamic-step#2-run-the-pipeline/configure-the-pipeline-state-for-testing:1,guides/build-end-to-end-rag-pipeline/dynamic-step.md,how-to-guides/build_end_to_end_rag_pipeline/002_dynamic_step/pipeline.py,59-73,IN_SYNC
guides/build-end-to-end-rag-pipeline/implement-semantic-routing#installation/linux-macos-or-windows-wsl:1,guides/build-end-to-end-rag-pipeline/implement-semantic-routing.md,,,UNMAPPED
guides/build-end-to-end-rag-pipeline/implement-semantic-routing#installation/windows-powershell:1,guides/build-end-to-end-rag-pipeline/implement-semantic-routing.md,,,UNMAPPED
guides/build-end-to-end-rag-pipeline/implement-semantic-routing#installation/windows-command-prompt:1,guides/build-end-to-end-rag-pipeline/implement-semantic-routing.md,,,UNMAPPED
guides/build-end-to-end-rag-pipeline/implement-semantic-routing#project-setup/extend-your-rag-pipeline-project:1,guides/build-end-to-end-rag-pipeline/implement-semantic-routing.md,,,UNMAPPED
guides/build-end-to-end-rag-pipeline/implement-semantic-routing#project-setup/create-the-route-examples-file:1,guides/build-end-to-end-rag-pipeline/implement-semantic-routing.md,,,UNMAPPED
guides/build-end-to-end-rag-pipeline/implement-semantic-routing#create-the-semantic-router:1,guides/build-end-to-end-rag-pipeline/implement-semantic-routing.md,how-to-guides/build_end_to_end_rag_pipeline/003_implement_semantic_routing/pipeline.py,7-55,CONTENT_DRIFT
guides/build-end-to-end-rag-pipeline/implement-semantic-routing#create-the-general-query-handler:1,guides/build-end-to-end-rag-pipeline/implement-semantic-routing.md,how-to-guides/build_end_to_end_rag_pipeline/003_implement_semantic_routing/pipeline.py,8-55,CONTENT_DRIFT
guides/build-end-to-end-rag-pipeline/implement-semantic-routing#create-the-enhanced-pipeline/create-the-general-query-step:1,guides/build-end-to-end-rag-pipeline/implement-semantic-routing.md,how-to-guides/build_end_to_end_rag_pipeline/003_implement_semantic_routing/pipeline.py,68-74,CONTENT_DRIFT
guides/build-end-to-end-rag-pipeline/implement-semantic-routing#create-the-enhanced-pipeline/create-the-switch-step:1,guides/build-end-to-end-rag-pipeline/implement-semantic-routing.md,how-to-guides/build_end_to_end_rag_pipeline/003_implement_semantic_routing/pipeline.py,75-84,CONTENT_DRIFT
guides/build-end-to-end-rag-pipeline/implement-semantic-routing#2-run-the-pipeline/configure-and-invoke-the-pipeline:1,guides/build-end-to-end-rag-pipeline/implement-semantic-routing.md,how-to-guides/build_end_to_end_rag_pipeline/003_implement_semantic_routing/pipeline.py,92-100,IN_SYNC
guides/build-end-to-end-rag-pipeline/implement-semantic-routing#2-run-the-pipeline/test-with-knowledge-base-queries:1,guides/build-end-to-end-rag-pipeline/implement-semantic-routing.md,,,UNMAPPED
guides/build-end-to-end-rag-pipeline/implement-semantic-routing#2-run-the-pipeline/test-with-general-knowledge-queries:1,guides/build-end-to-end-rag-pipeline/implement-semantic-routing.md,,,UNMAPPED
guides/build-end-to-end-rag-pipeline/multimodal-input-handling#installation/linux-macos-or-windows-wsl:1,guides/build-end-to-end-rag-pipeline/multimodal-input-handling.md,,,UNMAPPED
guides/build-end-to-end-rag-pipeline/multimodal-input-handling#installation/windows-powershell:1,guides/build-end-to-end-rag-pipeline/multimodal-input-handling.md,,,UNMAPPED
guides/build-end-to-end-rag-pipeline/multimodal-input-handling#installation/windows-command-prompt:1,guides/build-end-to-end-rag-pipeline/multimodal-input-handling.md,,,UNMAPPED
guides/build-end-to-end-rag-pipeline/multimodal-input-handling#project-setup/start-from-your-rag-pipeline-project:1,guides/build-end-to-end-rag-pipeline/multimodal-input-handling.md,,,UNMAPPED
guides/build-end-to-end-rag-pipeline/multimodal-input-handling#extending-the-pipeline/define-the-extended-state:1,guides/build-end-to-end-rag-pipeline/multimodal-input-handling.md,how-to-guides/build_end_to_end_rag_pipeline/007_multimodal_input_handling/pipeline.py,23-29,CONTENT_DRIFT
guides/build-end-to-end-rag-pipeline/multimodal-input-handling#extending-the-pipeline/create-a-function-to-create-the-extra-contents:1,guides/build-end-to-end-rag-pipeline/multimodal-input-handling.md,how-to-guides/build_end_to_end_rag_pipeline/007_multimodal_input_handling/pipeline.py,9-42,CONTENT_DRIFT
guides/build-end-to-end-rag-pipeline/multimodal-input-handling#extending-the-pipeline/update-the-response-synthesizer-with-a-new-prompt:1,guides/build-end-to-end-rag-pipeline/multimodal-input-handling.md,how-to-guides/build_end_to_end_rag_pipeline/007_multimodal_input_handling/pipeline.py,8-66,CONTENT_DRIFT
guides/build-end-to-end-rag-pipeline/multimodal-input-handling#extending-the-pipeline/update-the-pipeline-steps:1,guides/build-end-to-end-rag-pipeline/multimodal-input-handling.md,how-to-guides/build_end_to_end_rag_pipeline/007_multimodal_input_handling/pipeline.py,63-71,CONTENT_DRIFT
guides/build-end-to-end-rag-pipeline/multimodal-input-handling#extending-the-pipeline/compose-the-final-pipeline:1,guides/build-end-to-end-rag-pipeline/multimodal-input-handling.md,how-to-guides/build_end_to_end_rag_pipeline/007_multimodal_input_handling/pipeline.py,79-80,IN_SYNC
guides/build-end-to-end-rag-pipeline/multimodal-input-handling#2-run-the-pipeline/configure-the-pipeline-state-for-testing:1,guides/build-end-to-end-rag-pipeline/multimodal-input-handling.md,how-to-guides/build_end_to_end_rag_pipeline/007_multimodal_input_handling/pipeline.py,83-94,IN_SYNC
guides/build-end-to-end-rag-pipeline/multimodal-input-handling#provider-specific-attachment-options:1,guides/build-end-to-end-rag-pipeline/multimodal-input-handling.md,,,UNMAPPED
guides/build-end-to-end-rag-pipeline/parallel-pipeline-processing#installation/linux-macos-or-windows-wsl:1,guides/build-end-to-end-rag-pipeline/parallel-pipeline-processing.md,,,UNMAPPED
guides/build-end-to-end-rag-pipeline/parallel-pipeline-processing#installation/windows-powershell:1,guides/build-end-to-end-rag-pipeline/parallel-pipeline-processing.md,,,UNMAPPED
guides/build-end-to-end-rag-pipeline/parallel-pipeline-processing#installation/windows-command-prompt:1,guides/build-end-to-end-rag-pipeline/parallel-pipeline-processing.md,,,UNMAPPED
guides/build-end-to-end-rag-pipeline/parallel-pipeline-processing#project-setup/project-structure:1,guides/build-end-to-end-rag-pipeline/parallel-pipeline-processing.md,,,UNMAPPED
guides/build-end-to-end-rag-pipeline/parallel-pipeline-processing#the-problem-sequential-processing-bottleneck:1,guides/build-end-to-end-rag-pipeline/parallel-pipeline-processing.md,,,UNMAPPED
guides/build-end-to-end-rag-pipeline/parallel-pipeline-processing#the-problem-sequential-processing-bottleneck:2,guides/build-end-to-end-rag-pipeline/parallel-pipeline-processing.md,,,UNMAPPED
guides/build-end-to-end-rag-pipeline/parallel-pipeline-processing#solution-implementing-parallel-steps:1,guides/build-end-to-end-rag-pipeline/parallel-pipeline-processing.md,,,UNMAPPED
guides/build-end-to-end-rag-pipeline/parallel-pipeline-processing#solution-implementing-parallel-steps:2,guides/build-end-to-end-rag-pipeline/parallel-pipeline-processing.md,,,UNMAPPED
guides/build-end-to-end-rag-pipeline/pipeline-step-exclusion#installation/linux-macos-or-windows-wsl:1,guides/build-end-to-end-rag-pipeline/pipeline-step-exclusion.md,,,UNMAPPED
guides/build-end-to-end-rag-pipeline/pipeline-step-exclusion#installation/windows-powershell:1,guides/build-end-to-end-rag-pipeline/pipeline-step-exclusion.md,,,UNMAPPED
guides/build-end-to-end-rag-pipeline/pipeline-step-exclusion#installation/windows-command-prompt:1,guides/build-end-to-end-rag-pipeline/pipeline-step-exclusion.md,,,UNMAPPED
guides/build-end-to-end-rag-pipeline/pipeline-step-exclusion#project-setup/project-structure:1,guides/build-end-to-end-rag-pipeline/pipeline-step-exclusion.md,,,UNMAPPED
guides/build-end-to-end-rag-pipeline/pipeline-step-exclusion#basic-use:1,guides/build-end-to-end-rag-pipeline/pipeline-step-exclusion.md,,,UNMAPPED
guides/build-end-to-end-rag-pipeline/pipeline-step-exclusion#step-exclusion-for-conditional-step:1,guides/build-end-to-end-rag-pipeline/pipeline-step-exclusion.md,,,UNMAPPED
guides/build-end-to-end-rag-pipeline/pipeline-step-exclusion#step-exclusion-for-complex-pipeline-structures:1,guides/build-end-to-end-rag-pipeline/pipeline-step-exclusion.md,,,UNMAPPED
guides/build-end-to-end-rag-pipeline/pipeline-step-exclusion#dynamic-pipeline-using-step-exclusion:1,guides/build-end-to-end-rag-pipeline/pipeline-step-exclusion.md,,,UNMAPPED
guides/build-end-to-end-rag-pipeline/pipeline-step-exclusion#step-exclusion-lifecycle:1,guides/build-end-to-end-rag-pipeline/pipeline-step-exclusion.md,,,UNMAPPED
guides/build-end-to-end-rag-pipeline/query-transformation#installation/linux-macos-or-windows-wsl:1,guides/build-end-to-end-rag-pipeline/query-transformation.md,,,UNMAPPED
guides/build-end-to-end-rag-pipeline/query-transformation#installation/windows-powershell:1,guides/build-end-to-end-rag-pipeline/query-transformation.md,,,UNMAPPED
guides/build-end-to-end-rag-pipeline/query-transformation#installation/windows-command-prompt:1,guides/build-end-to-end-rag-pipeline/query-transformation.md,,,UNMAPPED
guides/build-end-to-end-rag-pipeline/query-transformation#project-setup/extend-your-rag-pipeline-project:1,guides/build-end-to-end-rag-pipeline/query-transformation.md,,,UNMAPPED
guides/build-end-to-end-rag-pipeline/query-transformation#1-build-the-query-transformer-pipeline/define-extended-rag-state:1,guides/build-end-to-end-rag-pipeline/query-transformation.md,how-to-guides/build_end_to_end_rag_pipeline/006_query_transformation/pipeline.py,15-27,CONTENT_DRIFT
guides/build-end-to-end-rag-pipeline/query-transformation#1-build-the-query-transformer-pipeline/create-all-pipeline-steps:1,guides/build-end-to-end-rag-pipeline/query-transformation.md,how-to-guides/build_end_to_end_rag_pipeline/006_query_transformation/pipeline.py,14-54,CONTENT_DRIFT
guides/build-end-to-end-rag-pipeline/query-transformation#1-build-the-query-transformer-pipeline/compose-the-final-pipeline:1,guides/build-end-to-end-rag-pipeline/query-transformation.md,,,UNMAPPED
guides/build-end-to-end-rag-pipeline/query-transformation#2-run-the-pipeline/configure-and-invoke-the-pipeline:1,guides/build-end-to-end-rag-pipeline/query-transformation.md,how-to-guides/build_end_to_end_rag_pipeline/006_query_transformation/pipeline.py,70-79,IN_SYNC
guides/build-end-to-end-rag-pipeline/query-transformation#2-run-the-pipeline/observe-output:1,guides/build-end-to-end-rag-pipeline/query-transformation.md,,,UNMAPPED
guides/build-end-to-end-rag-pipeline/query-transformation#multiple-query-transformation-strategies:1,guides/build-end-to-end-rag-pipeline/query-transformation.md,,,UNMAPPED
guides/build-end-to-end-rag-pipeline/query-transformation#domain-specific-query-transformers:1,guides/build-end-to-end-rag-pipeline/query-transformation.md,,,UNMAPPED
guides/build-end-to-end-rag-pipeline/query-transformation#custom-query-transformation-logic:1,guides/build-end-to-end-rag-pipeline/query-transformation.md,,,UNMAPPED
guides/build-end-to-end-rag-pipeline/rag-with-dynamic-models#installation/linux-macos-or-windows-wsl:1,guides/build-end-to-end-rag-pipeline/rag-with-dynamic-models.md,,,UNMAPPED
guides/build-end-to-end-rag-pipeline/rag-with-dynamic-models#installation/windows-powershell:1,guides/build-end-to-end-rag-pipeline/rag-with-dynamic-models.md,,,UNMAPPED
guides/build-end-to-end-rag-pipeline/rag-with-dynamic-models#installation/windows-command-prompt:1,guides/build-end-to-end-rag-pipeline/rag-with-dynamic-models.md,,,UNMAPPED
guides/build-end-to-end-rag-pipeline/rag-with-dynamic-models#project-setup/extend-your-rag-pipeline-project:1,guides/build-end-to-end-rag-pipeline/rag-with-dynamic-models.md,,,UNMAPPED
guides/build-end-to-end-rag-pipeline/rag-with-dynamic-models#1-make-the-response-synthesizer-dynamic:1,guides/build-end-to-end-rag-pipeline/rag-with-dynamic-models.md,how-to-guides/build_end_to_end_rag_pipeline/012_rag_with_dynamic_models/pipeline.py,10-27,CONTENT_DRIFT
guides/build-end-to-end-rag-pipeline/rag-with-dynamic-models#2-make-the-pipeline-dynamic/import-the-response-synthesizer-builder:1,guides/build-end-to-end-rag-pipeline/rag-with-dynamic-models.md,,,UNMAPPED
guides/build-end-to-end-rag-pipeline/rag-with-dynamic-models#2-make-the-pipeline-dynamic/wrap-the-pipeline-inside-a-builder-function:1,guides/build-end-to-end-rag-pipeline/rag-with-dynamic-models.md,how-to-guides/build_end_to_end_rag_pipeline/012_rag_with_dynamic_models/pipeline.py,3-58,CONTENT_DRIFT
guides/build-end-to-end-rag-pipeline/rag-with-dynamic-models#3-run-the-pipeline:1,guides/build-end-to-end-rag-pipeline/rag-with-dynamic-models.md,,,UNMAPPED
guides/build-end-to-end-rag-pipeline/rag-with-dynamic-models#3-run-the-pipeline:2,guides/build-end-to-end-rag-pipeline/rag-with-dynamic-models.md,,,UNMAPPED
guides/build-end-to-end-rag-pipeline/simple-guardrail#installation/linux-macos-or-windows-wsl:1,guides/build-end-to-end-rag-pipeline/simple-guardrail.md,,,UNMAPPED
guides/build-end-to-end-rag-pipeline/simple-guardrail#installation/windows-powershell:1,guides/build-end-to-end-rag-pipeline/simple-guardrail.md,,,UNMAPPED
guides/build-end-to-end-rag-pipeline/simple-guardrail#installation/windows-command-prompt:1,guides/build-end-to-end-rag-pipeline/simple-guardrail.md,,,UNMAPPED
guides/build-end-to-end-rag-pipeline/simple-guardrail#project-setup/extend-your-rag-pipeline-project:1,guides/build-end-to-end-rag-pipeline/simple-guardrail.md,,,UNMAPPED
guides/build-end-to-end-rag-pipeline/simple-guardrail#1-build-the-guardrail-pipeline/initialize-the-guardrail-manager:1,guides/build-end-to-end-rag-pipeline/simple-guardrail.md,,,UNMAPPED
guides/build-end-to-end-rag-pipeline/simple-guardrail#1-build-the-guardrail-pipeline/create-the-guardrail-step:1,guides/build-end-to-end-rag-pipeline/simple-guardrail.md,,,UNMAPPED
guides/build-end-to-end-rag-pipeline/simple-guardrail#1-build-the-guardrail-pipeline/compose-the-final-pipeline:1,guides/build-end-to-end-rag-pipeline/simple-guardrail.md,how-to-guides/build_end_to_end_rag_pipeline/005_simple_guardrail/pipeline.py,82-82,IN_SYNC
guides/build-end-to-end-rag-pipeline/simple-guardrail#2-run-the-pipeline/test-with-safe-and-unsafe-inputs:1,guides/build-end-to-end-rag-pipeline/simple-guardrail.md,how-to-guides/build_end_to_end_rag_pipeline/005_simple_guardrail/pipeline.py,7-115,CONTENT_DRIFT
guides/build-end-to-end-rag-pipeline/subgraphs#installation/linux-macos-or-windows-wsl:1,guides/build-end-to-end-rag-pipeline/subgraphs.md,,,UNMAPPED
guides/build-end-to-end-rag-pipeline/subgraphs#installation/windows-powershell:1,guides/build-end-to-end-rag-pipeline/subgraphs.md,,,UNMAPPED
guides/build-end-to-end-rag-pipeline/subgraphs#installation/windows-command-prompt:1,guides/build-end-to-end-rag-pipeline/subgraphs.md,,,UNMAPPED
guides/build-end-to-end-rag-pipeline/subgraphs#project-setup/project-structure:1,guides/build-end-to-end-rag-pipeline/subgraphs.md,,,UNMAPPED
guides/build-end-to-end-rag-pipeline/subgraphs#problem-the-monolithic-pipeline-with-tons-of-steps/the-monolithic-pipeline-state:1,guides/build-end-to-end-rag-pipeline/subgraphs.md,how-to-guides/build_end_to_end_rag_pipeline/011_subgraphs/pipeline_builder.py,4-24,CONTENT_DRIFT
guides/build-end-to-end-rag-pipeline/subgraphs#problem-the-monolithic-pipeline-with-tons-of-steps/the-monolithic-pipeline-implementation:1,guides/build-end-to-end-rag-pipeline/subgraphs.md,,,UNMAPPED
guides/build-end-to-end-rag-pipeline/subgraphs#1-create-the-pipeline-builder-class/create-the-main-pipeline-builder:1,guides/build-end-to-end-rag-pipeline/subgraphs.md,how-to-guides/build_end_to_end_rag_pipeline/011_subgraphs/pipeline_builder.py,3-171,CONTENT_DRIFT
guides/build-end-to-end-rag-pipeline/subgraphs#1-create-the-pipeline-builder-class/define-the-clean-main-state:1,guides/build-end-to-end-rag-pipeline/subgraphs.md,how-to-guides/build_end_to_end_rag_pipeline/011_subgraphs/pipeline_builder.py,13-20,CONTENT_DRIFT
guides/build-end-to-end-rag-pipeline/subgraphs#2-build-individual-subgraphs/create-the-query-processing-subgraph:1,guides/build-end-to-end-rag-pipeline/subgraphs.md,how-to-guides/build_end_to_end_rag_pipeline/011_subgraphs/pipeline_builder.py,13-190,CONTENT_DRIFT
guides/build-end-to-end-rag-pipeline/subgraphs#2-build-individual-subgraphs/create-the-retrieval-subgraph:1,guides/build-end-to-end-rag-pipeline/subgraphs.md,,,UNMAPPED
guides/build-end-to-end-rag-pipeline/subgraphs#2-build-individual-subgraphs/create-the-generation-subgraph:1,guides/build-end-to-end-rag-pipeline/subgraphs.md,how-to-guides/build_end_to_end_rag_pipeline/011_subgraphs/pipeline_builder.py,44-253,CONTENT_DRIFT
guides/build-end-to-end-rag-pipeline/subgraphs#3-run-the-subgraph-pipeline/complete-the-pipeline-builder:1,guides/build-end-to-end-rag-pipeline/subgraphs.md,how-to-guides/build_end_to_end_rag_pipeline/011_subgraphs/pipeline_builder.py,3-268,CONTENT_DRIFT
guides/build-end-to-end-rag-pipeline/subgraphs#3-run-the-subgraph-pipeline/run-the-pipeline:1,guides/build-end-to-end-rag-pipeline/subgraphs.md,,,UNMAPPED
guides/build-end-to-end-rag-pipeline/subgraphs#3-run-the-subgraph-pipeline/observe-the-improved-output:1,guides/build-end-to-end-rag-pipeline/subgraphs.md,,,UNMAPPED
guides/build-end-to-end-rag-pipeline/synthesize-responses-from-multiple-retrievers#installation/linux-macos-or-windows-wsl:1,guides/build-end-to-end-rag-pipeline/synthesize-responses-from-multiple-retrievers.md,,,UNMAPPED
guides/build-end-to-end-rag-pipeline/synthesize-responses-from-multiple-retrievers#installation/windows-powershell:1,guides/build-end-to-end-rag-pipeline/synthesize-responses-from-multiple-retrievers.md,,,UNMAPPED
guides/build-end-to-end-rag-pipeline/synthesize-responses-from-multiple-retrievers#installation/windows-command-prompt:1,guides/build-end-to-end-rag-pipeline/synthesize-responses-from-multiple-retrievers.md,,,UNMAPPED
guides/build-end-to-end-rag-pipeline/synthesize-responses-from-multiple-retrievers#project-setup/folder-structure:1,guides/build-end-to-end-rag-pipeline/synthesize-responses-from-multiple-retrievers.md,,,UNMAPPED
guides/build-end-to-end-rag-pipeline/synthesize-responses-from-multiple-retrievers#project-setup/prepare-your-env-file:1,guides/build-end-to-end-rag-pipeline/synthesize-responses-from-multiple-retrievers.md,,,UNMAPPED
guides/build-end-to-end-rag-pipeline/synthesize-responses-from-multiple-retrievers#1-prepare-the-internal-retriever:1,guides/build-end-to-end-rag-pipeline/synthesize-responses-from-multiple-retrievers.md,how-to-guides/build_end_to_end_rag_pipeline/013_synthesize_responses_from_multiple_retrievers/pipeline.py,9-58,CONTENT_DRIFT
guides/build-end-to-end-rag-pipeline/synthesize-responses-from-multiple-retrievers#2-prepare-the-external-retriever:1,guides/build-end-to-end-rag-pipeline/synthesize-responses-from-multiple-retrievers.md,how-to-guides/build_end_to_end_rag_pipeline/013_synthesize_responses_from_multiple_retrievers/pipeline.py,86-90,CONTENT_DRIFT
guides/build-end-to-end-rag-pipeline/synthesize-responses-from-multiple-retrievers#3-prepare-the-response-synthesizer:1,guides/build-end-to-end-rag-pipeline/synthesize-responses-from-multiple-retrievers.md,how-to-guides/build_end_to_end_rag_pipeline/013_synthesize_responses_from_multiple_retrievers/pipeline.py,16-101,CONTENT_DRIFT
guides/build-end-to-end-rag-pipeline/synthesize-responses-from-multiple-retrievers#4-build-the-multi-retriever-pipeline:1,guides/build-end-to-end-rag-pipeline/synthesize-responses-from-multiple-retrievers.md,how-to-guides/build_end_to_end_rag_pipeline/013_synthesize_responses_from_multiple_retrievers/pipeline.py,10-165,CONTENT_DRIFT
guides/build-end-to-end-rag-pipeline/synthesize-responses-from-multiple-retrievers#5-run-the-pipeline:1,guides/build-end-to-end-rag-pipeline/synthesize-responses-from-multiple-retrievers.md,how-to-guides/build_end_to_end_rag_pipeline/013_synthesize_responses_from_multiple_retrievers/pipeline.py,8-190,CONTENT_DRIFT
guides/build-end-to-end-rag-pipeline/your-first-rag-pipeline#installation/linux-macos-or-windows-wsl:1,guides/build-end-to-end-rag-pipeline/your-first-rag-pipeline.md,,,UNMAPPED
guides/build-end-to-end-rag-pipeline/your-first-rag-pipeline#installation/windows-powershell:1,guides/build-end-to-end-rag-pipeline/your-first-rag-pipeline.md,,,UNMAPPED
guides/build-end-to-end-rag-pipeline/your-first-rag-pipeline#installation/windows-command-prompt:1,guides/build-end-to-end-rag-pipeline/your-first-rag-pipeline.md,,,UNMAPPED
guides/build-end-to-end-rag-pipeline/your-first-rag-pipeline#project-setup/folder-structure:1,guides/build-end-to-end-rag-pipeline/your-first-rag-pipeline.md,,,UNMAPPED
guides/build-end-to-end-rag-pipeline/your-first-rag-pipeline#project-setup/prepare-your-env-file:1,guides/build-end-to-end-rag-pipeline/your-first-rag-pipeline.md,,,UNMAPPED
guides/build-end-to-end-rag-pipeline/your-first-rag-pipeline#create-the-retriever:1,guides/build-end-to-end-rag-pipeline/your-first-rag-pipeline.md,how-to-guides/build_end_to_end_rag_pipeline/001_your_first_rag_pipeline/pipeline.py,8-24,CONTENT_DRIFT
guides/build-end-to-end-rag-pipeline/your-first-rag-pipeline#create-the-response-synthesizer:1,guides/build-end-to-end-rag-pipeline/your-first-rag-pipeline.md,,,UNMAPPED
guides/build-end-to-end-rag-pipeline/your-first-rag-pipeline#3-build-the-pipeline/import-the-helpers-and-components:1,guides/build-end-to-end-rag-pipeline/your-first-rag-pipeline.md,how-to-guides/build_end_to_end_rag_pipeline/001_your_first_rag_pipeline/pipeline.py,7-14,CONTENT_DRIFT
guides/build-end-to-end-rag-pipeline/your-first-rag-pipeline#3-build-the-pipeline/create-the-retriever-step:1,guides/build-end-to-end-rag-pipeline/your-first-rag-pipeline.md,how-to-guides/build_end_to_end_rag_pipeline/001_your_first_rag_pipeline/pipeline.py,31-34,CONTENT_DRIFT
guides/build-end-to-end-rag-pipeline/your-first-rag-pipeline#3-build-the-pipeline/create-the-response-synthesizer-step:1,guides/build-end-to-end-rag-pipeline/your-first-rag-pipeline.md,how-to-guides/build_end_to_end_rag_pipeline/001_your_first_rag_pipeline/pipeline.py,36-39,CONTENT_DRIFT
guides/build-end-to-end-rag-pipeline/your-first-rag-pipeline#3-build-the-pipeline/connect-everything-into-a-pipeline:1,guides/build-end-to-end-rag-pipeline/your-first-rag-pipeline.md,,,UNMAPPED
guides/build-end-to-end-rag-pipeline/your-first-rag-pipeline#4-run-the-pipeline/configure-and-invoke-the-pipeline:1,guides/build-end-to-end-rag-pipeline/your-first-rag-pipeline.md,,,UNMAPPED
guides/build-end-to-end-rag-pipeline/your-first-rag-pipeline#4-run-the-pipeline/run-pipelinepy-file:1,guides/build-end-to-end-rag-pipeline/your-first-rag-pipeline.md,,,UNMAPPED
guides/build-end-to-end-rag-pipeline/your-first-rag-pipeline#4-run-the-pipeline/observe-output:1,guides/build-end-to-end-rag-pipeline/your-first-rag-pipeline.md,,,UNMAPPED
guides/build-multimodal-rag-pipeline/contextual-image-captioning#the-situation:1,guides/build-multimodal-rag-pipeline/contextual-image-captioning.md,,,UNMAPPED
guides/build-multimodal-rag-pipeline/contextual-image-captioning#the-situation:2,guides/build-multimodal-rag-pipeline/contextual-image-captioning.md,,,UNMAPPED
guides/build-multimodal-rag-pipeline/contextual-image-captioning#installation/linux-macos-or-windows-wsl:1,guides/build-multimodal-rag-pipeline/contextual-image-captioning.md,,,UNMAPPED
guides/build-multimodal-rag-pipeline/contextual-image-captioning#installation/windows-powershell:1,guides/build-multimodal-rag-pipeline/contextual-image-captioning.md,,,UNMAPPED
guides/build-multimodal-rag-pipeline/contextual-image-captioning#installation/windows-command-prompt:1,guides/build-multimodal-rag-pipeline/contextual-image-captioning.md,,,UNMAPPED
guides/build-multimodal-rag-pipeline/contextual-image-captioning#project-setup/folder-structure:1,guides/build-multimodal-rag-pipeline/contextual-image-captioning.md,,,UNMAPPED
guides/build-multimodal-rag-pipeline/contextual-image-captioning#1-update-the-indexer/add-section-text-helpers:1,guides/build-multimodal-rag-pipeline/contextual-image-captioning.md,how-to-guides/build_multimodal_rag_pipeline/002_contextual_image_captioning/indexer.py,48-89,CONTENT_DRIFT
guides/build-multimodal-rag-pipeline/contextual-image-captioning#1-update-the-indexer/pass-section-text-to-the-caption-converter:1,guides/build-multimodal-rag-pipeline/contextual-image-captioning.md,,,UNMAPPED
guides/build-multimodal-rag-pipeline/contextual-image-captioning#1-update-the-indexer/build-the-lookup-and-pass-it-at-call-time:1,guides/build-multimodal-rag-pipeline/contextual-image-captioning.md,how-to-guides/build_multimodal_rag_pipeline/002_contextual_image_captioning/indexer.py,158-169,CONTENT_DRIFT
guides/build-multimodal-rag-pipeline/contextual-image-captioning#1-update-the-indexer/run-the-indexer:1,guides/build-multimodal-rag-pipeline/contextual-image-captioning.md,,,UNMAPPED
guides/build-multimodal-rag-pipeline/contextual-image-captioning#1-update-the-indexer/run-the-indexer:2,guides/build-multimodal-rag-pipeline/contextual-image-captioning.md,,,UNMAPPED
guides/build-multimodal-rag-pipeline/contextual-image-captioning#2-run-the-pipeline/configure-and-invoke-the-pipeline:1,guides/build-multimodal-rag-pipeline/contextual-image-captioning.md,how-to-guides/build_multimodal_rag_pipeline/002_contextual_image_captioning/pipeline.py,50-59,CONTENT_DRIFT
guides/build-multimodal-rag-pipeline/contextual-image-captioning#2-run-the-pipeline/run-pipelinepy:1,guides/build-multimodal-rag-pipeline/contextual-image-captioning.md,,,UNMAPPED
guides/build-multimodal-rag-pipeline/contextual-image-captioning#2-run-the-pipeline/observe-output:1,guides/build-multimodal-rag-pipeline/contextual-image-captioning.md,,,UNMAPPED
guides/build-multimodal-rag-pipeline/image-input-handling#the-situation:1,guides/build-multimodal-rag-pipeline/image-input-handling.md,,,UNMAPPED
guides/build-multimodal-rag-pipeline/image-input-handling#installation/linux-macos-or-windows-wsl:1,guides/build-multimodal-rag-pipeline/image-input-handling.md,,,UNMAPPED
guides/build-multimodal-rag-pipeline/image-input-handling#installation/windows-powershell:1,guides/build-multimodal-rag-pipeline/image-input-handling.md,,,UNMAPPED
guides/build-multimodal-rag-pipeline/image-input-handling#installation/windows-command-prompt:1,guides/build-multimodal-rag-pipeline/image-input-handling.md,,,UNMAPPED
guides/build-multimodal-rag-pipeline/image-input-handling#project-setup/extend-your-image-search-pipeline-project:1,guides/build-multimodal-rag-pipeline/image-input-handling.md,,,UNMAPPED
guides/build-multimodal-rag-pipeline/image-input-handling#1-update-your-pipeline/update-your-imports-and-define-imagesearchbyimagestate:1,guides/build-multimodal-rag-pipeline/image-input-handling.md,how-to-guides/build_multimodal_rag_pipeline/004_image_input_handling/pipeline.py,9-28,CONTENT_DRIFT
guides/build-multimodal-rag-pipeline/image-input-handling#1-update-your-pipeline/add-captionconverter-buildmultimodalquery-and-captionstep:1,guides/build-multimodal-rag-pipeline/image-input-handling.md,how-to-guides/build_multimodal_rag_pipeline/004_image_input_handling/pipeline.py,39-60,CONTENT_DRIFT
guides/build-multimodal-rag-pipeline/image-input-handling#1-update-your-pipeline/prepend-captionstep-set-statetype-and-update-main:1,guides/build-multimodal-rag-pipeline/image-input-handling.md,how-to-guides/build_multimodal_rag_pipeline/004_image_input_handling/pipeline.py,71-88,CONTENT_DRIFT
guides/build-multimodal-rag-pipeline/image-input-handling#2-run-the-pipeline:1,guides/build-multimodal-rag-pipeline/image-input-handling.md,,,UNMAPPED
guides/build-multimodal-rag-pipeline/image-input-handling#2-run-the-pipeline/observe-output:1,guides/build-multimodal-rag-pipeline/image-input-handling.md,,,UNMAPPED
guides/build-multimodal-rag-pipeline/intelligent-image-routing#the-situation:1,guides/build-multimodal-rag-pipeline/intelligent-image-routing.md,,,UNMAPPED
guides/build-multimodal-rag-pipeline/intelligent-image-routing#installation/linux-macos-or-windows-wsl:1,guides/build-multimodal-rag-pipeline/intelligent-image-routing.md,,,UNMAPPED
guides/build-multimodal-rag-pipeline/intelligent-image-routing#installation/windows-powershell:1,guides/build-multimodal-rag-pipeline/intelligent-image-routing.md,,,UNMAPPED
guides/build-multimodal-rag-pipeline/intelligent-image-routing#installation/windows-command-prompt:1,guides/build-multimodal-rag-pipeline/intelligent-image-routing.md,,,UNMAPPED
guides/build-multimodal-rag-pipeline/intelligent-image-routing#project-setup/extend-your-image-search-pipeline-project:1,guides/build-multimodal-rag-pipeline/intelligent-image-routing.md,,,UNMAPPED
guides/build-multimodal-rag-pipeline/intelligent-image-routing#1-update-the-indexer/update-your-imports:1,guides/build-multimodal-rag-pipeline/intelligent-image-routing.md,how-to-guides/build_multimodal_rag_pipeline/003_intelligent_image_routing/indexer.py,21-26,CONTENT_DRIFT
guides/build-multimodal-rag-pipeline/intelligent-image-routing#1-update-the-indexer/replace-the-caption-converter-with-a-routing-transformer:1,guides/build-multimodal-rag-pipeline/intelligent-image-routing.md,how-to-guides/build_multimodal_rag_pipeline/003_intelligent_image_routing/indexer.py,87-95,CONTENT_DRIFT
guides/build-multimodal-rag-pipeline/intelligent-image-routing#1-update-the-indexer/update-chunk-inspection-step:1,guides/build-multimodal-rag-pipeline/intelligent-image-routing.md,how-to-guides/build_multimodal_rag_pipeline/003_intelligent_image_routing/indexer.py,200-246,CONTENT_DRIFT
guides/build-multimodal-rag-pipeline/intelligent-image-routing#1-update-the-indexer/run-the-indexer:1,guides/build-multimodal-rag-pipeline/intelligent-image-routing.md,,,UNMAPPED
guides/build-multimodal-rag-pipeline/intelligent-image-routing#1-update-the-indexer/run-the-indexer:2,guides/build-multimodal-rag-pipeline/intelligent-image-routing.md,,,UNMAPPED
guides/build-multimodal-rag-pipeline/intelligent-image-routing#2-run-the-pipeline/configure-and-invoke-the-pipeline:1,guides/build-multimodal-rag-pipeline/intelligent-image-routing.md,how-to-guides/build_multimodal_rag_pipeline/003_intelligent_image_routing/pipeline.py,50-59,CONTENT_DRIFT
guides/build-multimodal-rag-pipeline/intelligent-image-routing#2-run-the-pipeline/run-pipelinepy:1,guides/build-multimodal-rag-pipeline/intelligent-image-routing.md,,,UNMAPPED
guides/build-multimodal-rag-pipeline/intelligent-image-routing#2-run-the-pipeline/observe-output:1,guides/build-multimodal-rag-pipeline/intelligent-image-routing.md,,,UNMAPPED
guides/build-multimodal-rag-pipeline/long-video-rag-pipeline#installation/linux-macos-or-windows-wsl:1,guides/build-multimodal-rag-pipeline/long-video-rag-pipeline.md,,,UNMAPPED
guides/build-multimodal-rag-pipeline/long-video-rag-pipeline#installation/windows-powershell:1,guides/build-multimodal-rag-pipeline/long-video-rag-pipeline.md,,,UNMAPPED
guides/build-multimodal-rag-pipeline/long-video-rag-pipeline#installation/windows-command-prompt:1,guides/build-multimodal-rag-pipeline/long-video-rag-pipeline.md,,,UNMAPPED
guides/build-multimodal-rag-pipeline/long-video-rag-pipeline#project-setup/folder-structure:1,guides/build-multimodal-rag-pipeline/long-video-rag-pipeline.md,,,UNMAPPED
guides/build-multimodal-rag-pipeline/long-video-rag-pipeline#project-setup/prepare-your-env-file:1,guides/build-multimodal-rag-pipeline/long-video-rag-pipeline.md,,,UNMAPPED
guides/build-multimodal-rag-pipeline/long-video-rag-pipeline#1-index-your-videos:1,guides/build-multimodal-rag-pipeline/long-video-rag-pipeline.md,how-to-guides/build_multimodal_rag_pipeline/006_long_video_rag_pipeline/indexer.py,7-40,CONTENT_DRIFT
guides/build-multimodal-rag-pipeline/long-video-rag-pipeline#1-index-your-videos:2,guides/build-multimodal-rag-pipeline/long-video-rag-pipeline.md,how-to-guides/build_multimodal_rag_pipeline/006_long_video_rag_pipeline/indexer.py,8-140,CONTENT_DRIFT
guides/build-multimodal-rag-pipeline/long-video-rag-pipeline#1-index-your-videos:3,guides/build-multimodal-rag-pipeline/long-video-rag-pipeline.md,,,UNMAPPED
guides/build-multimodal-rag-pipeline/long-video-rag-pipeline#1-index-your-videos:4,guides/build-multimodal-rag-pipeline/long-video-rag-pipeline.md,,,UNMAPPED
guides/build-multimodal-rag-pipeline/long-video-rag-pipeline#2-build-the-pipeline/code-linenumberstrue:1,guides/build-multimodal-rag-pipeline/long-video-rag-pipeline.md,how-to-guides/build_multimodal_rag_pipeline/006_long_video_rag_pipeline/pipeline.py,7-53,CONTENT_DRIFT
guides/build-multimodal-rag-pipeline/long-video-rag-pipeline#2-build-the-pipeline/create-retriever-parent-fetch-and-response-synthesizer-steps:1,guides/build-multimodal-rag-pipeline/long-video-rag-pipeline.md,how-to-guides/build_multimodal_rag_pipeline/006_long_video_rag_pipeline/pipeline.py,55-97,CONTENT_DRIFT
guides/build-multimodal-rag-pipeline/long-video-rag-pipeline#2-build-the-pipeline/connect-everything-into-a-pipeline:1,guides/build-multimodal-rag-pipeline/long-video-rag-pipeline.md,how-to-guides/build_multimodal_rag_pipeline/006_long_video_rag_pipeline/pipeline.py,98-98,IN_SYNC
guides/build-multimodal-rag-pipeline/long-video-rag-pipeline#3-run-the-pipeline/configure-and-invoke-the-pipeline:1,guides/build-multimodal-rag-pipeline/long-video-rag-pipeline.md,how-to-guides/build_multimodal_rag_pipeline/006_long_video_rag_pipeline/pipeline.py,107-117,CONTENT_DRIFT
guides/build-multimodal-rag-pipeline/long-video-rag-pipeline#3-run-the-pipeline/run-pipelinepy:1,guides/build-multimodal-rag-pipeline/long-video-rag-pipeline.md,,,UNMAPPED
guides/build-multimodal-rag-pipeline/long-video-rag-pipeline#3-run-the-pipeline/observe-output:1,guides/build-multimodal-rag-pipeline/long-video-rag-pipeline.md,,,UNMAPPED
guides/build-multimodal-rag-pipeline/simple-image-rag-pipeline#installation/linux-macos-or-windows-wsl:1,guides/build-multimodal-rag-pipeline/simple-image-rag-pipeline.md,,,UNMAPPED
guides/build-multimodal-rag-pipeline/simple-image-rag-pipeline#installation/windows-powershell:1,guides/build-multimodal-rag-pipeline/simple-image-rag-pipeline.md,,,UNMAPPED
guides/build-multimodal-rag-pipeline/simple-image-rag-pipeline#installation/windows-command-prompt:1,guides/build-multimodal-rag-pipeline/simple-image-rag-pipeline.md,,,UNMAPPED
guides/build-multimodal-rag-pipeline/simple-image-rag-pipeline#project-setup/folder-structure:1,guides/build-multimodal-rag-pipeline/simple-image-rag-pipeline.md,,,UNMAPPED
guides/build-multimodal-rag-pipeline/simple-image-rag-pipeline#project-setup/prepare-your-env-file:1,guides/build-multimodal-rag-pipeline/simple-image-rag-pipeline.md,,,UNMAPPED
guides/build-multimodal-rag-pipeline/simple-image-rag-pipeline#1-index-your-data/initialize-the-caption-converter-and-data-store:1,guides/build-multimodal-rag-pipeline/simple-image-rag-pipeline.md,how-to-guides/build_multimodal_rag_pipeline/001_simple_image_rag_pipeline/indexer.py,7-33,CONTENT_DRIFT
guides/build-multimodal-rag-pipeline/simple-image-rag-pipeline#1-index-your-data/load-parse-chunk-caption-and-index:1,guides/build-multimodal-rag-pipeline/simple-image-rag-pipeline.md,how-to-guides/build_multimodal_rag_pipeline/001_simple_image_rag_pipeline/indexer.py,36-126,CONTENT_DRIFT
guides/build-multimodal-rag-pipeline/simple-image-rag-pipeline#1-index-your-data/run-the-indexer:1,guides/build-multimodal-rag-pipeline/simple-image-rag-pipeline.md,,,UNMAPPED
guides/build-multimodal-rag-pipeline/simple-image-rag-pipeline#1-index-your-data/run-the-indexer:2,guides/build-multimodal-rag-pipeline/simple-image-rag-pipeline.md,,,UNMAPPED
guides/build-multimodal-rag-pipeline/simple-image-rag-pipeline#2-build-the-pipeline/import-and-intitialize-the-core-components:1,guides/build-multimodal-rag-pipeline/simple-image-rag-pipeline.md,how-to-guides/build_multimodal_rag_pipeline/001_simple_image_rag_pipeline/pipeline.py,7-28,CONTENT_DRIFT
guides/build-multimodal-rag-pipeline/simple-image-rag-pipeline#2-build-the-pipeline/create-retriever-and-response-synthesizer-step:1,guides/build-multimodal-rag-pipeline/simple-image-rag-pipeline.md,how-to-guides/build_multimodal_rag_pipeline/001_simple_image_rag_pipeline/pipeline.py,31-40,IN_SYNC
guides/build-multimodal-rag-pipeline/simple-image-rag-pipeline#2-build-the-pipeline/connect-everything-into-a-pipeline:1,guides/build-multimodal-rag-pipeline/simple-image-rag-pipeline.md,how-to-guides/build_multimodal_rag_pipeline/001_simple_image_rag_pipeline/pipeline.py,41-41,IN_SYNC
guides/build-multimodal-rag-pipeline/simple-image-rag-pipeline#3-run-the-pipeline/configure-and-invoke-the-pipeline:1,guides/build-multimodal-rag-pipeline/simple-image-rag-pipeline.md,how-to-guides/build_multimodal_rag_pipeline/001_simple_image_rag_pipeline/pipeline.py,50-59,CONTENT_DRIFT
guides/build-multimodal-rag-pipeline/simple-image-rag-pipeline#3-run-the-pipeline/run-pipelinepy:1,guides/build-multimodal-rag-pipeline/simple-image-rag-pipeline.md,,,UNMAPPED
guides/build-multimodal-rag-pipeline/simple-image-rag-pipeline#3-run-the-pipeline/observe-output:1,guides/build-multimodal-rag-pipeline/simple-image-rag-pipeline.md,,,UNMAPPED
guides/build-multimodal-rag-pipeline/simple-video-rag-pipeline#installation/linux-macos-or-windows-wsl:1,guides/build-multimodal-rag-pipeline/simple-video-rag-pipeline.md,,,UNMAPPED
guides/build-multimodal-rag-pipeline/simple-video-rag-pipeline#installation/windows-powershell:1,guides/build-multimodal-rag-pipeline/simple-video-rag-pipeline.md,,,UNMAPPED
guides/build-multimodal-rag-pipeline/simple-video-rag-pipeline#installation/windows-command-prompt:1,guides/build-multimodal-rag-pipeline/simple-video-rag-pipeline.md,,,UNMAPPED
guides/build-multimodal-rag-pipeline/simple-video-rag-pipeline#project-setup/folder-structure:1,guides/build-multimodal-rag-pipeline/simple-video-rag-pipeline.md,,,UNMAPPED
guides/build-multimodal-rag-pipeline/simple-video-rag-pipeline#project-setup/prepare-your-env-file:1,guides/build-multimodal-rag-pipeline/simple-video-rag-pipeline.md,,,UNMAPPED
guides/build-multimodal-rag-pipeline/simple-video-rag-pipeline#1-index-your-videos:1,guides/build-multimodal-rag-pipeline/simple-video-rag-pipeline.md,how-to-guides/build_multimodal_rag_pipeline/005_simple_video_rag_pipeline/indexer.py,7-39,CONTENT_DRIFT
guides/build-multimodal-rag-pipeline/simple-video-rag-pipeline#1-index-your-videos:2,guides/build-multimodal-rag-pipeline/simple-video-rag-pipeline.md,how-to-guides/build_multimodal_rag_pipeline/005_simple_video_rag_pipeline/indexer.py,24-126,CONTENT_DRIFT
guides/build-multimodal-rag-pipeline/simple-video-rag-pipeline#1-index-your-videos:3,guides/build-multimodal-rag-pipeline/simple-video-rag-pipeline.md,,,UNMAPPED
guides/build-multimodal-rag-pipeline/simple-video-rag-pipeline#1-index-your-videos:4,guides/build-multimodal-rag-pipeline/simple-video-rag-pipeline.md,,,UNMAPPED
guides/build-multimodal-rag-pipeline/simple-video-rag-pipeline#2-build-the-pipeline/code-linenumberstrue:1,guides/build-multimodal-rag-pipeline/simple-video-rag-pipeline.md,how-to-guides/build_multimodal_rag_pipeline/005_simple_video_rag_pipeline/pipeline.py,7-50,CONTENT_DRIFT
guides/build-multimodal-rag-pipeline/simple-video-rag-pipeline#2-build-the-pipeline/create-retriever-and-response-synthesizer-step:1,guides/build-multimodal-rag-pipeline/simple-video-rag-pipeline.md,how-to-guides/build_multimodal_rag_pipeline/005_simple_video_rag_pipeline/pipeline.py,54-63,IN_SYNC
guides/build-multimodal-rag-pipeline/simple-video-rag-pipeline#2-build-the-pipeline/connect-everything-into-a-pipeline:1,guides/build-multimodal-rag-pipeline/simple-video-rag-pipeline.md,how-to-guides/build_multimodal_rag_pipeline/005_simple_video_rag_pipeline/pipeline.py,64-64,IN_SYNC
guides/build-multimodal-rag-pipeline/simple-video-rag-pipeline#3-run-the-pipeline/configure-and-invoke-the-pipeline:1,guides/build-multimodal-rag-pipeline/simple-video-rag-pipeline.md,how-to-guides/build_multimodal_rag_pipeline/005_simple_video_rag_pipeline/pipeline.py,73-83,CONTENT_DRIFT
guides/build-multimodal-rag-pipeline/simple-video-rag-pipeline#3-run-the-pipeline/run-pipelinepy:1,guides/build-multimodal-rag-pipeline/simple-video-rag-pipeline.md,,,UNMAPPED
guides/build-multimodal-rag-pipeline/simple-video-rag-pipeline#3-run-the-pipeline/observe-output:1,guides/build-multimodal-rag-pipeline/simple-video-rag-pipeline.md,,,UNMAPPED
guides/execute-a-pipeline#installation/linux-macos-or-windows-wsl:1,guides/execute-a-pipeline.md,,,UNMAPPED
guides/execute-a-pipeline#installation/windows-powershell:1,guides/execute-a-pipeline.md,,,UNMAPPED
guides/execute-a-pipeline#installation/windows-command-prompt:1,guides/execute-a-pipeline.md,,,UNMAPPED
guides/execute-a-pipeline#1-basic-execution-with-invoke:1,guides/execute-a-pipeline.md,,,UNMAPPED
guides/execute-a-pipeline#2-execution-with-configuration:1,guides/execute-a-pipeline.md,,,UNMAPPED
guides/human-in-the-loop#1-designing-for-approval/define-the-pipeline-with-an-interrupt-checkpoint:1,guides/human-in-the-loop.md,how-to-guides/human_in_the_loop/datastore_saver.py,8-82,CONTENT_DRIFT
guides/human-in-the-loop#2-running-with-session-persistence/initialize-the-execution:1,guides/human-in-the-loop.md,,,UNMAPPED
guides/human-in-the-loop#2-running-with-session-persistence:1,guides/human-in-the-loop.md,,,UNMAPPED
guides/human-in-the-loop#3-injecting-the-human-decision/resume-execution-with-the-payload:1,guides/human-in-the-loop.md,,,UNMAPPED
guides/human-in-the-loop#3-injecting-the-human-decision/resume-execution-with-the-payload:2,guides/human-in-the-loop.md,,,UNMAPPED
guides/human-in-the-loop#getstate-latest-snapshot:1,guides/human-in-the-loop.md,,,UNMAPPED
guides/human-in-the-loop#getstatehistory-full-history:1,guides/human-in-the-loop.md,,,UNMAPPED
guides/human-in-the-loop#getstatehistory-full-history:2,guides/human-in-the-loop.md,,,UNMAPPED
guides/human-in-the-loop#5-updating-state-mid-run:1,guides/human-in-the-loop.md,,,UNMAPPED
guides/human-in-the-loop#6-forking-from-history:1,guides/human-in-the-loop.md,,,UNMAPPED
guides/human-in-the-loop#7-full-lifecycle-example:1,guides/human-in-the-loop.md,,,UNMAPPED
guides/human-in-the-loop#structured-resume-payloads:1,guides/human-in-the-loop.md,,,UNMAPPED
guides/human-in-the-loop#production-checkpointers:1,guides/human-in-the-loop.md,,,UNMAPPED
guides/pausing-flow-for-debugging#1-prepare-your-pipeline-setup/define-your-pipeline-structure:1,guides/pausing-flow-for-debugging.md,how-to-guides/pausing_flow_for_debugging/debug_pause.py,4-52,CONTENT_DRIFT
guides/pausing-flow-for-debugging#2-invoke-with-a-breakpoint/initialize-the-execution-with-a-breakpoint:1,guides/pausing-flow-for-debugging.md,,,UNMAPPED
guides/pausing-flow-for-debugging#3-resume-the-pipeline/inspect-and-resume:1,guides/pausing-flow-for-debugging.md,,,UNMAPPED
guides/run-pipeline-on-a-server#installation/linux-macos-or-windows-wsl:1,guides/run-pipeline-on-a-server.md,,,UNMAPPED
guides/run-pipeline-on-a-server#installation/windows-powershell:1,guides/run-pipeline-on-a-server.md,,,UNMAPPED
guides/run-pipeline-on-a-server#installation/windows-command-prompt:1,guides/run-pipeline-on-a-server.md,,,UNMAPPED
guides/run-pipeline-on-a-server#project-setup/project-structure:1,guides/run-pipeline-on-a-server.md,,,UNMAPPED
guides/run-pipeline-on-a-server#project-setup/environment-configuration:1,guides/run-pipeline-on-a-server.md,,,UNMAPPED
guides/run-pipeline-on-a-server#1-create-the-fastapi-application/create-the-main-server-file:1,guides/run-pipeline-on-a-server.md,,,UNMAPPED
guides/run-pipeline-on-a-server#2-start-the-server/run-the-fastapi-server:1,guides/run-pipeline-on-a-server.md,,,UNMAPPED
guides/run-pipeline-on-a-server#2-start-the-server/run-the-fastapi-server:2,guides/run-pipeline-on-a-server.md,,,UNMAPPED
guides/run-pipeline-on-a-server#2-start-the-server/verify-server-is-running:1,guides/run-pipeline-on-a-server.md,,,UNMAPPED
guides/run-pipeline-on-a-server#1-create-a-test-client/create-the-test-client:1,guides/run-pipeline-on-a-server.md,,,UNMAPPED
guides/run-pipeline-on-a-server#2-test-the-complete-system/execute-the-test-client:1,guides/run-pipeline-on-a-server.md,,,UNMAPPED
guides/run-pipeline-on-a-server#2-test-the-complete-system/observe-the-streaming-output:1,guides/run-pipeline-on-a-server.md,,,UNMAPPED
guides/trace-your-pipeline#installation/linux-macos-or-windows-wsl:1,guides/trace-your-pipeline.md,,,UNMAPPED
guides/trace-your-pipeline#installation/windows-powershell:1,guides/trace-your-pipeline.md,,,UNMAPPED
guides/trace-your-pipeline#installation/windows-command-prompt:1,guides/trace-your-pipeline.md,,,UNMAPPED
guides/trace-your-pipeline#1-start-a-trace-backend/start-jaeger-with-docker:1,guides/trace-your-pipeline.md,,,UNMAPPED
guides/trace-your-pipeline#2-configure-the-tracerprovider/create-mainpy-and-configure-the-provider-first:1,guides/trace-your-pipeline.md,,,UNMAPPED
guides/trace-your-pipeline#2-configure-the-tracerprovider/import-gllmpipeline-after-the-provider-is-set:1,guides/trace-your-pipeline.md,,,UNMAPPED
guides/trace-your-pipeline#3-build-your-pipeline/define-the-state-type:1,guides/trace-your-pipeline.md,how-to-guides/trace_your_pipeline/trace_pipeline.py,22-26,CONTENT_DRIFT
guides/trace-your-pipeline#3-build-your-pipeline/define-step-functions:1,guides/trace-your-pipeline.md,,,UNMAPPED
guides/trace-your-pipeline#3-build-your-pipeline/assemble-the-pipeline:1,guides/trace-your-pipeline.md,,,UNMAPPED
guides/trace-your-pipeline#4-run-the-pipeline-and-view-traces/invoke-the-pipeline-and-flush-spans-on-exit:1,guides/trace-your-pipeline.md,how-to-guides/trace_your_pipeline/trace_pipeline.py,3-77,CONTENT_DRIFT
guides/trace-your-pipeline#4-run-the-pipeline-and-view-traces/run-the-script:1,guides/trace-your-pipeline.md,,,UNMAPPED
guides/trace-your-pipeline#4-run-the-pipeline-and-view-traces/run-the-script:2,guides/trace-your-pipeline.md,,,UNMAPPED
guides/trace-your-pipeline#4-run-the-pipeline-and-view-traces/open-the-jaeger-ui:1,guides/trace-your-pipeline.md,,,UNMAPPED
guides/trace-your-pipeline#troubleshooting:1,guides/trace-your-pipeline.md,,,UNMAPPED
guides/utilize-language-model-request-processor/extend-lm-capabilities-with-tools#installation/linux-macos-or-windows-wsl:1,guides/utilize-language-model-request-processor/extend-lm-capabilities-with-tools.md,,,UNMAPPED
guides/utilize-language-model-request-processor/extend-lm-capabilities-with-tools#installation/windows-powershell:1,guides/utilize-language-model-request-processor/extend-lm-capabilities-with-tools.md,,,UNMAPPED
guides/utilize-language-model-request-processor/extend-lm-capabilities-with-tools#installation/windows-command-prompt:1,guides/utilize-language-model-request-processor/extend-lm-capabilities-with-tools.md,,,UNMAPPED
guides/utilize-language-model-request-processor/extend-lm-capabilities-with-tools#project-setup/environment-configuration:1,guides/utilize-language-model-request-processor/extend-lm-capabilities-with-tools.md,,,UNMAPPED
guides/utilize-language-model-request-processor/extend-lm-capabilities-with-tools#1-define-tools-and-components/import-libraries-and-define-tools:1,guides/utilize-language-model-request-processor/extend-lm-capabilities-with-tools.md,how-to-guides/utilize_language_model_request_processor/001_extend_lm_capabilities_with_tools/tools_demo.py,3-31,CONTENT_DRIFT
guides/utilize-language-model-request-processor/extend-lm-capabilities-with-tools#1-define-tools-and-components/configure-lm-invoker-with-tools:1,guides/utilize-language-model-request-processor/extend-lm-capabilities-with-tools.md,how-to-guides/utilize_language_model_request_processor/001_extend_lm_capabilities_with_tools/tools_demo.py,35-38,CONTENT_DRIFT
guides/utilize-language-model-request-processor/extend-lm-capabilities-with-tools#2-set-up-prompt-builder-and-lmrp/create-prompt-builder:1,guides/utilize-language-model-request-processor/extend-lm-capabilities-with-tools.md,,,UNMAPPED
guides/utilize-language-model-request-processor/extend-lm-capabilities-with-tools#2-set-up-prompt-builder-and-lmrp/initialize-lm-request-processor:1,guides/utilize-language-model-request-processor/extend-lm-capabilities-with-tools.md,,,UNMAPPED
guides/utilize-language-model-request-processor/extend-lm-capabilities-with-tools#3-process-requests-with-tool-calling/process-the-request:1,guides/utilize-language-model-request-processor/extend-lm-capabilities-with-tools.md,,,UNMAPPED
guides/utilize-language-model-request-processor/extend-lm-capabilities-with-tools#1-define-your-tools/import-required-libraries:1,guides/utilize-language-model-request-processor/extend-lm-capabilities-with-tools.md,how-to-guides/utilize_language_model_request_processor/001_extend_lm_capabilities_with_tools/tools_demo.py,7-13,CONTENT_DRIFT
guides/utilize-language-model-request-processor/extend-lm-capabilities-with-tools#1-define-your-tools/create-tool-functions:1,guides/utilize-language-model-request-processor/extend-lm-capabilities-with-tools.md,how-to-guides/utilize_language_model_request_processor/001_extend_lm_capabilities_with_tools/tools_demo.py,16-31,CONTENT_DRIFT
guides/utilize-language-model-request-processor/extend-lm-capabilities-with-tools#2-set-up-the-lm-invoker/initialize-the-invoker-with-tools:1,guides/utilize-language-model-request-processor/extend-lm-capabilities-with-tools.md,,,UNMAPPED
guides/utilize-language-model-request-processor/extend-lm-capabilities-with-tools#3-implement-the-execution-loop/create-the-execution-function:1,guides/utilize-language-model-request-processor/extend-lm-capabilities-with-tools.md,,,UNMAPPED
guides/utilize-language-model-request-processor/extend-lm-capabilities-with-tools#3-implement-the-execution-loop/set-up-prompt-builder:1,guides/utilize-language-model-request-processor/extend-lm-capabilities-with-tools.md,,,UNMAPPED
guides/utilize-language-model-request-processor/extend-lm-capabilities-with-tools#4-execute-tool-calling/run-the-example:1,guides/utilize-language-model-request-processor/extend-lm-capabilities-with-tools.md,,,UNMAPPED
guides/utilize-language-model-request-processor/extend-lm-capabilities-with-tools#option-1-implementation:1,guides/utilize-language-model-request-processor/extend-lm-capabilities-with-tools.md,how-to-guides/utilize_language_model_request_processor/001_extend_lm_capabilities_with_tools/tools_demo.py,3-56,CONTENT_DRIFT
guides/utilize-language-model-request-processor/extend-lm-capabilities-with-tools#option-2-implementation:1,guides/utilize-language-model-request-processor/extend-lm-capabilities-with-tools.md,how-to-guides/utilize_language_model_request_processor/001_extend_lm_capabilities_with_tools/tools_demo.py,7-56,CONTENT_DRIFT
guides/utilize-language-model-request-processor/produce-consistent-output-from-lm#installation/linux-macos-or-windows-wsl:1,guides/utilize-language-model-request-processor/produce-consistent-output-from-lm.md,,,UNMAPPED
guides/utilize-language-model-request-processor/produce-consistent-output-from-lm#installation/windows-powershell:1,guides/utilize-language-model-request-processor/produce-consistent-output-from-lm.md,,,UNMAPPED
guides/utilize-language-model-request-processor/produce-consistent-output-from-lm#installation/windows-command-prompt:1,guides/utilize-language-model-request-processor/produce-consistent-output-from-lm.md,,,UNMAPPED
guides/utilize-language-model-request-processor/produce-consistent-output-from-lm#project-setup/environment-configuration:1,guides/utilize-language-model-request-processor/produce-consistent-output-from-lm.md,,,UNMAPPED
guides/utilize-language-model-request-processor/produce-consistent-output-from-lm#1-define-your-response-schema/import-required-libraries:1,guides/utilize-language-model-request-processor/produce-consistent-output-from-lm.md,how-to-guides/utilize_language_model_request_processor/002_produce_consistent_output_from_lm/structured_output_demo.py,3-13,CONTENT_DRIFT
guides/utilize-language-model-request-processor/produce-consistent-output-from-lm#1-define-your-response-schema/create-your-pydantic-models:1,guides/utilize-language-model-request-processor/produce-consistent-output-from-lm.md,,,UNMAPPED
guides/utilize-language-model-request-processor/produce-consistent-output-from-lm#2-configure-the-lm-invoker/set-up-the-lm-invoker-with-response-schema:1,guides/utilize-language-model-request-processor/produce-consistent-output-from-lm.md,how-to-guides/utilize_language_model_request_processor/002_produce_consistent_output_from_lm/structured_output_demo.py,8-27,CONTENT_DRIFT
guides/utilize-language-model-request-processor/produce-consistent-output-from-lm#3-create-the-prompt-builder/define-your-prompt-templates:1,guides/utilize-language-model-request-processor/produce-consistent-output-from-lm.md,,,UNMAPPED
guides/utilize-language-model-request-processor/produce-consistent-output-from-lm#4-build-the-lm-request-processor/create-the-request-processor:1,guides/utilize-language-model-request-processor/produce-consistent-output-from-lm.md,how-to-guides/utilize_language_model_request_processor/002_produce_consistent_output_from_lm/structured_output_demo.py,10-27,CONTENT_DRIFT
guides/utilize-language-model-request-processor/produce-consistent-output-from-lm#5-process-requests-and-get-structured-output/process-a-request:1,guides/utilize-language-model-request-processor/produce-consistent-output-from-lm.md,,,UNMAPPED
guides/utilize-language-model-request-processor/produce-consistent-output-from-lm#5-process-requests-and-get-structured-output/expected-output-structure:1,guides/utilize-language-model-request-processor/produce-consistent-output-from-lm.md,,,UNMAPPED
guides/utilize-language-model-request-processor/produce-consistent-output-from-lm#5-process-requests-and-get-structured-output/access-individual-fields:1,guides/utilize-language-model-request-processor/produce-consistent-output-from-lm.md,,,UNMAPPED
guides/utilize-language-model-request-processor/produce-consistent-output-from-lm#1-define-your-response-schema/import-required-libraries:2,guides/utilize-language-model-request-processor/produce-consistent-output-from-lm.md,how-to-guides/utilize_language_model_request_processor/002_produce_consistent_output_from_lm/structured_output_demo.py,3-13,CONTENT_DRIFT
guides/utilize-language-model-request-processor/produce-consistent-output-from-lm#1-define-your-response-schema/create-your-pydantic-models:2,guides/utilize-language-model-request-processor/produce-consistent-output-from-lm.md,,,UNMAPPED
guides/utilize-language-model-request-processor/produce-consistent-output-from-lm#2-configure-the-lm-invoker/set-up-the-lm-invoker:1,guides/utilize-language-model-request-processor/produce-consistent-output-from-lm.md,how-to-guides/utilize_language_model_request_processor/002_produce_consistent_output_from_lm/structured_output_demo.py,8-8,CONTENT_DRIFT
guides/utilize-language-model-request-processor/produce-consistent-output-from-lm#3-create-the-prompt-builder-with-schema-instructions/define-your-prompt-templates-with-schema:1,guides/utilize-language-model-request-processor/produce-consistent-output-from-lm.md,,,UNMAPPED
guides/utilize-language-model-request-processor/produce-consistent-output-from-lm#4-build-the-lm-request-processor/create-the-request-processor:2,guides/utilize-language-model-request-processor/produce-consistent-output-from-lm.md,how-to-guides/utilize_language_model_request_processor/002_produce_consistent_output_from_lm/structured_output_demo.py,10-27,CONTENT_DRIFT
guides/utilize-language-model-request-processor/produce-consistent-output-from-lm#5-process-requests-with-schema-parameter/process-a-request-with-schema:1,guides/utilize-language-model-request-processor/produce-consistent-output-from-lm.md,,,UNMAPPED
guides/utilize-language-model-request-processor/produce-consistent-output-from-lm#5-process-requests-with-schema-parameter/expected-output-structure:1,guides/utilize-language-model-request-processor/produce-consistent-output-from-lm.md,,,UNMAPPED
guides/utilize-language-model-request-processor/produce-consistent-output-from-lm#option-1-using-lm-invokers-response-schema:1,guides/utilize-language-model-request-processor/produce-consistent-output-from-lm.md,,,UNMAPPED
guides/utilize-language-model-request-processor/produce-consistent-output-from-lm#option-2-using-json-output-parser:1,guides/utilize-language-model-request-processor/produce-consistent-output-from-lm.md,,,UNMAPPED
guides/utilize-language-model-request-processor/stream-lm-output#installation/linux-macos-or-windows-wsl:1,guides/utilize-language-model-request-processor/stream-lm-output.md,,,UNMAPPED
guides/utilize-language-model-request-processor/stream-lm-output#installation/windows-powershell:1,guides/utilize-language-model-request-processor/stream-lm-output.md,,,UNMAPPED
guides/utilize-language-model-request-processor/stream-lm-output#installation/windows-command-prompt:1,guides/utilize-language-model-request-processor/stream-lm-output.md,,,UNMAPPED
guides/utilize-language-model-request-processor/stream-lm-output#project-setup/environment-configuration:1,guides/utilize-language-model-request-processor/stream-lm-output.md,,,UNMAPPED
guides/utilize-language-model-request-processor/stream-lm-output#1-set-up-event-handling-components/import-required-libraries:1,guides/utilize-language-model-request-processor/stream-lm-output.md,how-to-guides/utilize_language_model_request_processor/003_stream_lm_output/stream_output_demo.py,3-15,CONTENT_DRIFT
guides/utilize-language-model-request-processor/stream-lm-output#1-set-up-event-handling-components/create-the-event-system:1,guides/utilize-language-model-request-processor/stream-lm-output.md,,,UNMAPPED
guides/utilize-language-model-request-processor/stream-lm-output#2-configure-lmrp-components/set-up-lm-invoker-and-prompt-builder:1,guides/utilize-language-model-request-processor/stream-lm-output.md,how-to-guides/utilize_language_model_request_processor/003_stream_lm_output/stream_output_demo.py,10-29,CONTENT_DRIFT
guides/utilize-language-model-request-processor/stream-lm-output#2-configure-lmrp-components/create-the-lm-request-processor:1,guides/utilize-language-model-request-processor/stream-lm-output.md,how-to-guides/utilize_language_model_request_processor/003_stream_lm_output/stream_output_demo.py,12-29,CONTENT_DRIFT
guides/utilize-language-model-request-processor/stream-lm-output#3-implement-concurrent-streaming/create-the-processing-task:1,guides/utilize-language-model-request-processor/stream-lm-output.md,,,UNMAPPED
guides/utilize-language-model-request-processor/stream-lm-output#3-implement-concurrent-streaming/process-streaming-events:1,guides/utilize-language-model-request-processor/stream-lm-output.md,,,UNMAPPED
guides/utilize-language-model-request-processor/stream-lm-output#3-implement-concurrent-streaming/clean-up-resources:1,guides/utilize-language-model-request-processor/stream-lm-output.md,,,UNMAPPED
guides/utilize-language-model-request-processor/stream-lm-output#complete-guide-files:1,guides/utilize-language-model-request-processor/stream-lm-output.md,,,UNMAPPED
guides/utilize-language-model-request-processor/stream-lm-output#run-the-streaming-example/execute-the-script:1,guides/utilize-language-model-request-processor/stream-lm-output.md,,,UNMAPPED
guides/utilize-language-model-request-processor/stream-lm-output#run-the-streaming-example/observe-real-time-output:1,guides/utilize-language-model-request-processor/stream-lm-output.md,,,UNMAPPED
guides/utilize-language-model-request-processor/stream-lm-output#alternative-implementation-patterns:1,guides/utilize-language-model-request-processor/stream-lm-output.md,,,UNMAPPED
guides/utilize-language-model-request-processor/stream-lm-output#alternative-implementation-patterns:2,guides/utilize-language-model-request-processor/stream-lm-output.md,,,UNMAPPED
guides/utilize-language-model-request-processor/stream-lm-output#alternative-implementation-patterns:3,guides/utilize-language-model-request-processor/stream-lm-output.md,,,UNMAPPED
tutorials/core/component#installation/linux-macos-or-windows-wsl:1,tutorials/core/component.md,,,UNMAPPED
tutorials/core/component#installation/windows-powershell:1,tutorials/core/component.md,,,UNMAPPED
tutorials/core/component#installation/windows-command-prompt:1,tutorials/core/component.md,,,UNMAPPED
tutorials/core/component#define-your-first-component:1,tutorials/core/component.md,tutorials/core/component/001_quickstart.py,9-17,IN_SYNC
tutorials/core/component#execute-the-component-uniformly:1,tutorials/core/component.md,tutorials/core/component/001_quickstart.py,21-25,CONTENT_DRIFT
tutorials/core/component#use-the-generated-input-schema:1,tutorials/core/component.md,tutorials/core/component/001_quickstart.py,21-30,CONTENT_DRIFT
tutorials/core/component#using-main-with-abstract-classes:1,tutorials/core/component.md,tutorials/core/component/002_abstract_component.py,8-34,CONTENT_DRIFT
tutorials/core/component#using-main-with-abstract-classes:2,tutorials/core/component.md,tutorials/core/component/002_abstract_component.py,38-39,CONTENT_DRIFT
tutorials/core/component#using-main-with-abstract-classes:3,tutorials/core/component.md,,,UNMAPPED
tutorials/core/component#using-main-with-abstract-classes:4,tutorials/core/component.md,tutorials/core/component/003_override_main.py,24-54,CONTENT_DRIFT
tutorials/core/component#adjust-log-level-for-lower-overhead-runs:1,tutorials/core/component.md,tutorials/core/component/004_component_log_level_runtime_overhead.py,12-44,CONTENT_DRIFT
tutorials/core/component#set-a-global-log-level-for-all-components:1,tutorials/core/component.md,,,UNMAPPED
tutorials/core/component#set-a-global-log-level-for-all-components:2,tutorials/core/component.md,,,UNMAPPED
tutorials/core/component#set-a-global-log-level-for-all-components:3,tutorials/core/component.md,tutorials/core/component/005_global_log_level.py,38-38,CONTENT_DRIFT
tutorials/core/component#set-a-global-log-level-for-all-components:4,tutorials/core/component.md,,,UNMAPPED
tutorials/core/component#prefer-clear-typed-parameters:1,tutorials/core/component.md,,,UNMAPPED
tutorials/core/component#backwards-compatibility-with-legacy-run-components:1,tutorials/core/component.md,tutorials/core/component/006_legacy_component.py,12-15,IN_SYNC
tutorials/core/dynamic-component#installation/linux-macos-or-windows-wsl:1,tutorials/core/dynamic-component.md,,,UNMAPPED
tutorials/core/dynamic-component#installation/windows-powershell:1,tutorials/core/dynamic-component.md,,,UNMAPPED
tutorials/core/dynamic-component#installation/windows-command-prompt:1,tutorials/core/dynamic-component.md,,,UNMAPPED
tutorials/core/dynamic-component#quickstart:1,tutorials/core/dynamic-component.md,tutorials/core/dynamic_component/dynamic_component.py,9-36,CONTENT_DRIFT
tutorials/core/dynamic-component#1-runtime-binding-lazyfromruntime:1,tutorials/core/dynamic-component.md,,,UNMAPPED
tutorials/core/dynamic-component#2-sync-resolver-lazyresolver:1,tutorials/core/dynamic-component.md,,,UNMAPPED
tutorials/core/dynamic-component#3-async-resolver-lazyasyncresolver:1,tutorials/core/dynamic-component.md,,,UNMAPPED
tutorials/core/dynamic-component#using-componenttodynamic:1,tutorials/core/dynamic-component.md,tutorials/core/dynamic_component/to_dynamic.py,9-34,CONTENT_DRIFT
tutorials/core/dynamic-component#instance-caching:1,tutorials/core/dynamic-component.md,tutorials/core/dynamic_component/instance_caching.py,12-28,CONTENT_DRIFT
tutorials/core/event-emitter#installation/linux-macos-or-windows-wsl:1,tutorials/core/event-emitter.md,,,UNMAPPED
tutorials/core/event-emitter#installation/windows-powershell:1,tutorials/core/event-emitter.md,,,UNMAPPED
tutorials/core/event-emitter#installation/windows-command-prompt:1,tutorials/core/event-emitter.md,,,UNMAPPED
tutorials/core/event-emitter#quickstart:1,tutorials/core/event-emitter.md,tutorials/core/event_emitter/event_emitter.py,7-24,CONTENT_DRIFT
tutorials/core/event-emitter#constructing-an-eventemitter:1,tutorials/core/event-emitter.md,,,UNMAPPED
tutorials/core/event-emitter#emitting-events:1,tutorials/core/event-emitter.md,,,UNMAPPED
tutorials/core/event-emitter#using-hooks:1,tutorials/core/event-emitter.md,,,UNMAPPED
tutorials/core/event-emitter#streaming-events:1,tutorials/core/event-emitter.md,tutorials/core/event_emitter/event_emitter.py,7-24,CONTENT_DRIFT
tutorials/core/logger-manager#installation/linux-macos-or-windows-wsl:1,tutorials/core/logger-manager.md,,,UNMAPPED
tutorials/core/logger-manager#installation/windows-powershell:1,tutorials/core/logger-manager.md,,,UNMAPPED
tutorials/core/logger-manager#installation/windows-command-prompt:1,tutorials/core/logger-manager.md,,,UNMAPPED
tutorials/core/logger-manager#quickstart:1,tutorials/core/logger-manager.md,tutorials/core/logger_manager/logger_manager.py,7-14,CONTENT_DRIFT
tutorials/core/logger-manager#logging-modes:1,tutorials/core/logger-manager.md,,,UNMAPPED
tutorials/core/logger-manager#logging-modes:2,tutorials/core/logger-manager.md,,,UNMAPPED
tutorials/core/logger-manager#getting-loggers:1,tutorials/core/logger-manager.md,tutorials/core/logger_manager/getting_loggers.py,9-15,IN_SYNC
tutorials/core/logger-manager#configuring-levels-and-formats:1,tutorials/core/logger-manager.md,tutorials/core/logger_manager/configuring_levels.py,7-14,CONTENT_DRIFT
tutorials/core/logger-manager#configuring-levels-and-formats:2,tutorials/core/logger-manager.md,tutorials/core/logger_manager/configuring_levels.py,11-17,CONTENT_DRIFT
tutorials/core/logger-manager#configuring-levels-and-formats:3,tutorials/core/logger-manager.md,tutorials/core/logger_manager/configuring_levels.py,11-20,CONTENT_DRIFT
tutorials/core/logger-manager#adding-custom-handlers:1,tutorials/core/logger-manager.md,tutorials/core/logger_manager/adding_handlers.py,7-19,CONTENT_DRIFT
tutorials/core/logger-manager#json-error-payloads:1,tutorials/core/logger-manager.md,tutorials/core/logger_manager/json_error_payloads.py,17-26,CONTENT_DRIFT
tutorials/core/logger-manager#json-error-payloads:2,tutorials/core/logger-manager.md,,,UNMAPPED
tutorials/core/logger-manager#adding-custom-contextual-fields:1,tutorials/core/logger-manager.md,,,UNMAPPED
tutorials/core/logger-manager#adding-custom-contextual-fields:2,tutorials/core/logger-manager.md,,,UNMAPPED
tutorials/core/logger-manager#adding-global-json-fields:1,tutorials/core/logger-manager.md,tutorials/core/logger_manager/global_json_fields.py,8-25,CONTENT_DRIFT
tutorials/core/logger-manager#adding-global-json-fields:2,tutorials/core/logger-manager.md,,,UNMAPPED
tutorials/core/tool#installation/linux-macos-or-windows-wsl:1,tutorials/core/tool.md,,,UNMAPPED
tutorials/core/tool#installation/windows-powershell:1,tutorials/core/tool.md,,,UNMAPPED
tutorials/core/tool#installation/windows-command-prompt:1,tutorials/core/tool.md,,,UNMAPPED
tutorials/core/tool#quickstart:1,tutorials/core/tool.md,tutorials/core/tool/tool_quickstart.py,9-38,CONTENT_DRIFT
tutorials/core/tool#the-tool-decorator:1,tutorials/core/tool.md,tutorials/core/tool/tool_decorator_options.py,9-13,CONTENT_DRIFT
tutorials/core/tool#input-and-output-schemata:1,tutorials/core/tool.md,tutorials/core/tool/calling_a_tool.py,12-20,CONTENT_DRIFT
tutorials/core/tool#calling-a-tool:1,tutorials/core/tool.md,tutorials/core/tool/calling_a_tool.py,25-25,IN_SYNC
tutorials/core/tool#calling-a-tool:2,tutorials/core/tool.md,,,UNMAPPED
tutorials/core/tool#langchain-and-google-adk-adapters:1,tutorials/core/tool.md,,,UNMAPPED
tutorials/generation/context-enricher#installation/linux-macos-or-windows-wsl:1,tutorials/generation/context-enricher.md,,,UNMAPPED
tutorials/generation/context-enricher#installation/windows-powershell:1,tutorials/generation/context-enricher.md,,,UNMAPPED
tutorials/generation/context-enricher#installation/windows-command-prompt:1,tutorials/generation/context-enricher.md,,,UNMAPPED
tutorials/generation/context-enricher#quickstart:1,tutorials/generation/context-enricher.md,tutorials/generation/context_enricher/context_enricher.py,6-42,CONTENT_DRIFT
tutorials/generation/context-enricher#quickstart:2,tutorials/generation/context-enricher.md,,,UNMAPPED
tutorials/generation/deep-researcher#available-subclasses:1,tutorials/generation/deep-researcher.md,,,UNMAPPED
tutorials/generation/deep-researcher#installation/linux-macos-or-windows-wsl:1,tutorials/generation/deep-researcher.md,,,UNMAPPED
tutorials/generation/deep-researcher#installation/windows-powershell:1,tutorials/generation/deep-researcher.md,,,UNMAPPED
tutorials/generation/deep-researcher#installation/windows-command-prompt:1,tutorials/generation/deep-researcher.md,,,UNMAPPED
tutorials/generation/deep-researcher#quickstart/gl-odr:1,tutorials/generation/deep-researcher.md,tutorials/generation/deep_researcher/01_e_deep_research_quickstart_glodr.py,6-18,CONTENT_DRIFT
tutorials/generation/deep-researcher#quickstart/google:1,tutorials/generation/deep-researcher.md,tutorials/generation/deep_researcher/01_b_deep_research_quickstart_google.py,6-18,CONTENT_DRIFT
tutorials/generation/deep-researcher#quickstart/parallelai:1,tutorials/generation/deep-researcher.md,tutorials/generation/deep_researcher/01_d_deep_research_quickstart_parallel.py,6-18,CONTENT_DRIFT
tutorials/generation/deep-researcher#quickstart/perplexity:1,tutorials/generation/deep-researcher.md,tutorials/generation/deep_researcher/01_c_deep_research_quickstart_perplexity.py,6-18,CONTENT_DRIFT
tutorials/generation/deep-researcher#quickstart/openai:1,tutorials/generation/deep-researcher.md,tutorials/generation/deep_researcher/01_a_deep_research_quickstart_openai.py,6-18,CONTENT_DRIFT
tutorials/generation/deep-researcher#quickstart:1,tutorials/generation/deep-researcher.md,,,UNMAPPED
tutorials/generation/deep-researcher#custom-prompt:1,tutorials/generation/deep-researcher.md,tutorials/generation/deep_researcher/02_deep_research_custom_prompt.py,9-29,CONTENT_DRIFT
tutorials/generation/deep-researcher#mcp-integration:1,tutorials/generation/deep-researcher.md,tutorials/generation/deep_researcher/03_deep_research_mcp_integration.py,9-29,CONTENT_DRIFT
tutorials/generation/deep-researcher#data-store-integration:1,tutorials/generation/deep-researcher.md,tutorials/generation/deep_researcher/04_deep_research_data_store_integration.py,9-25,CONTENT_DRIFT
tutorials/generation/relevance-filter#installation/linux-macos-or-windows-wsl:1,tutorials/generation/relevance-filter.md,,,UNMAPPED
tutorials/generation/relevance-filter#installation/windows-powershell:1,tutorials/generation/relevance-filter.md,,,UNMAPPED
tutorials/generation/relevance-filter#installation/windows-command-prompt:1,tutorials/generation/relevance-filter.md,,,UNMAPPED
tutorials/generation/relevance-filter#quickstart:1,tutorials/generation/relevance-filter.md,tutorials/generation/relevance_filter/relevance_filter.py,6-52,CONTENT_DRIFT
tutorials/generation/relevance-filter#quickstart:2,tutorials/generation/relevance-filter.md,tutorials/generation/relevance_filter/relevance_filter.py,19-43,CONTENT_DRIFT
tutorials/generation/repacker#installation/linux-macos-or-windows-wsl:1,tutorials/generation/repacker.md,,,UNMAPPED
tutorials/generation/repacker#installation/windows-powershell:1,tutorials/generation/repacker.md,,,UNMAPPED
tutorials/generation/repacker#installation/windows-command-prompt:1,tutorials/generation/repacker.md,,,UNMAPPED
tutorials/generation/repacker#quickstart:1,tutorials/generation/repacker.md,tutorials/generation/repacker/repacker.py,9-44,CONTENT_DRIFT
tutorials/generation/repacker#forward-method-default:1,tutorials/generation/repacker.md,tutorials/generation/repacker/repacker.py,9-44,CONTENT_DRIFT
tutorials/generation/repacker#reverse-method:1,tutorials/generation/repacker.md,tutorials/generation/repacker/repacker.py,9-44,CONTENT_DRIFT
tutorials/generation/repacker#sides-method:1,tutorials/generation/repacker.md,tutorials/generation/repacker/repacker.py,9-44,CONTENT_DRIFT
tutorials/generation/repacker#chunk-mode-default:1,tutorials/generation/repacker.md,tutorials/generation/repacker/advanced_size_limits.py,9-38,CONTENT_DRIFT
tutorials/generation/repacker#context-mode:1,tutorials/generation/repacker.md,tutorials/generation/repacker/repacker.py,9-44,CONTENT_DRIFT
tutorials/generation/repacker#advanced-size-limits-and-custom-size-functions:1,tutorials/generation/repacker.md,tutorials/generation/repacker/advanced_size_limits.py,9-38,CONTENT_DRIFT
tutorials/generation/response-synthesizer#installation/linux-macos-or-windows-wsl:1,tutorials/generation/response-synthesizer.md,,,UNMAPPED
tutorials/generation/response-synthesizer#installation/windows-powershell:1,tutorials/generation/response-synthesizer.md,,,UNMAPPED
tutorials/generation/response-synthesizer#installation/windows-command-prompt:1,tutorials/generation/response-synthesizer.md,,,UNMAPPED
tutorials/generation/response-synthesizer#quickstart:1,tutorials/generation/response-synthesizer.md,tutorials/generation/response_synthesizer/response_synthesizer.py,6-25,CONTENT_DRIFT
tutorials/generation/response-synthesizer#quickstart:2,tutorials/generation/response-synthesizer.md,,,UNMAPPED
tutorials/generation/response-synthesizer#customizing-language-model:1,tutorials/generation/response-synthesizer.md,tutorials/generation/response_synthesizer/custom_language_model.py,8-24,CONTENT_DRIFT
tutorials/generation/response-synthesizer#customizing-language-model:2,tutorials/generation/response-synthesizer.md,,,UNMAPPED
tutorials/generation/response-synthesizer#passing-a-custom-lm-invoker:1,tutorials/generation/response-synthesizer.md,tutorials/generation/response_synthesizer/custom_lm_invoker.py,9-29,CONTENT_DRIFT
tutorials/generation/response-synthesizer#passing-a-custom-lm-invoker:2,tutorials/generation/response-synthesizer.md,,,UNMAPPED
tutorials/generation/response-synthesizer#using-prompt-variables:1,tutorials/generation/response-synthesizer.md,tutorials/generation/response_synthesizer/prompt_variables.py,8-24,CONTENT_DRIFT
tutorials/generation/response-synthesizer#using-prompt-variables:2,tutorials/generation/response-synthesizer.md,,,UNMAPPED
tutorials/generation/response-synthesizer#adding-history:1,tutorials/generation/response-synthesizer.md,tutorials/generation/response_synthesizer/adding_history.py,8-31,CONTENT_DRIFT
tutorials/generation/response-synthesizer#adding-history:2,tutorials/generation/response-synthesizer.md,,,UNMAPPED
tutorials/generation/response-synthesizer#adding-extra-contents:1,tutorials/generation/response-synthesizer.md,tutorials/generation/response_synthesizer/extra_contents.py,8-28,CONTENT_DRIFT
tutorials/generation/response-synthesizer#adding-extra-contents:2,tutorials/generation/response-synthesizer.md,,,UNMAPPED
tutorials/generation/response-synthesizer#customizing-extractor-function:1,tutorials/generation/response-synthesizer.md,tutorials/generation/response_synthesizer/custom_extractor.py,9-33,CONTENT_DRIFT
tutorials/generation/response-synthesizer#customizing-extractor-function:2,tutorials/generation/response-synthesizer.md,,,UNMAPPED
tutorials/generation/response-synthesizer#customizing-extractor-function:3,tutorials/generation/response-synthesizer.md,tutorials/generation/response_synthesizer/custom_extractor.py,9-33,CONTENT_DRIFT
tutorials/generation/response-synthesizer#customizing-extractor-function:4,tutorials/generation/response-synthesizer.md,,,UNMAPPED
tutorials/generation/response-synthesizer#1-map-reduce:1,tutorials/generation/response-synthesizer.md,tutorials/generation/response_synthesizer/map_reduce.py,11-40,CONTENT_DRIFT
tutorials/generation/response-synthesizer#1-map-reduce:2,tutorials/generation/response-synthesizer.md,,,UNMAPPED
tutorials/generation/response-synthesizer#2-refine:1,tutorials/generation/response-synthesizer.md,tutorials/generation/response_synthesizer/refine.py,11-39,CONTENT_DRIFT
tutorials/generation/response-synthesizer#2-refine:2,tutorials/generation/response-synthesizer.md,,,UNMAPPED
tutorials/generation/response-synthesizer#3-static-list:1,tutorials/generation/response-synthesizer.md,tutorials/generation/response_synthesizer/static_list.py,9-28,CONTENT_DRIFT
tutorials/generation/response-synthesizer#3-static-list:2,tutorials/generation/response-synthesizer.md,,,UNMAPPED
tutorials/generation/response-synthesizer#3-static-list:3,tutorials/generation/response-synthesizer.md,tutorials/generation/response_synthesizer/static_list.py,9-42,CONTENT_DRIFT
tutorials/generation/response-synthesizer#3-static-list:4,tutorials/generation/response-synthesizer.md,,,UNMAPPED
tutorials/inference/catalog#installation/linux-macos-or-windows-wsl:1,tutorials/inference/catalog.md,,,UNMAPPED
tutorials/inference/catalog#installation/windows-powershell:1,tutorials/inference/catalog.md,,,UNMAPPED
tutorials/inference/catalog#installation/windows-command-prompt:1,tutorials/inference/catalog.md,,,UNMAPPED
tutorials/inference/catalog#loading-catalog/load-with-fromgsheets-method:1,tutorials/inference/catalog.md,,,UNMAPPED
tutorials/inference/catalog#loading-catalog/load-with-fromcsv-method:1,tutorials/inference/catalog.md,,,UNMAPPED
tutorials/inference/catalog#loading-catalog/load-with-fromjson-method:1,tutorials/inference/catalog.md,,,UNMAPPED
tutorials/inference/catalog#loading-catalog/load-using-fromrecords-method:1,tutorials/inference/catalog.md,tutorials/inference/catalog/catalog.py,28-28,IN_SYNC
tutorials/inference/catalog#using-catalog:1,tutorials/inference/catalog.md,,,UNMAPPED
tutorials/inference/catalog#loading-catalog/load-with-fromgsheets-method:2,tutorials/inference/catalog.md,,,UNMAPPED
tutorials/inference/catalog#loading-catalog/load-with-fromcsv-method:2,tutorials/inference/catalog.md,,,UNMAPPED
tutorials/inference/catalog#loading-catalog/load-with-fromrecords-method:1,tutorials/inference/catalog.md,,,UNMAPPED
tutorials/inference/catalog#loading-catalog/define-the-catalog:1,tutorials/inference/catalog.md,,,UNMAPPED
tutorials/inference/catalog#loading-catalog/load-using-fromrecords-method:2,tutorials/inference/catalog.md,,,UNMAPPED
tutorials/inference/catalog#selecting-prompts-from-a-prompt-builder-catalog:1,tutorials/inference/catalog.md,,,UNMAPPED
tutorials/inference/catalog#using-catalog:2,tutorials/inference/catalog.md,,,UNMAPPED
tutorials/inference/catalog#loading-catalog/load-with-fromgsheets-method:3,tutorials/inference/catalog.md,,,UNMAPPED
tutorials/inference/catalog#loading-catalog/load-with-fromcsv-method:3,tutorials/inference/catalog.md,,,UNMAPPED
tutorials/inference/catalog#loading-catalog/load-with-fromjson-method:2,tutorials/inference/catalog.md,,,UNMAPPED
tutorials/inference/catalog#loading-catalog/define-the-catalog:2,tutorials/inference/catalog.md,,,UNMAPPED
tutorials/inference/catalog#loading-catalog/load-using-fromrecords-method:3,tutorials/inference/catalog.md,,,UNMAPPED
tutorials/inference/catalog#using-catalog:3,tutorials/inference/catalog.md,,,UNMAPPED
tutorials/inference/catalog#using-catalog:4,tutorials/inference/catalog.md,,,UNMAPPED
tutorials/inference/component#installation/linux-macos-or-windows-wsl:1,tutorials/inference/component.md,,,UNMAPPED
tutorials/inference/component#installation/windows-powershell:1,tutorials/inference/component.md,,,UNMAPPED
tutorials/inference/component#installation/windows-command-prompt:1,tutorials/inference/component.md,,,UNMAPPED
tutorials/inference/component#generic-lm-component:1,tutorials/inference/component.md,tutorials/inference/component/component.py,1-10,IN_SYNC
tutorials/inference/component#generic-lm-component:2,tutorials/inference/component.md,,,UNMAPPED
tutorials/inference/component#generic-lm-component:3,tutorials/inference/component.md,tutorials/inference/component/component.py,4-10,CONTENT_DRIFT
tutorials/inference/component#generic-lm-component:4,tutorials/inference/component.md,,,UNMAPPED
tutorials/inference/component#creating-a-custom-lm-component:1,tutorials/inference/component.md,,,UNMAPPED
tutorials/inference/component#using-multiple-lm-invokers:1,tutorials/inference/component.md,,,UNMAPPED
tutorials/inference/component#using-multiple-lm-invokers:2,tutorials/inference/component.md,,,UNMAPPED
tutorials/inference/component#building-from-configuration:1,tutorials/inference/component.md,,,UNMAPPED
tutorials/inference/component#initializing-from-configuration:1,tutorials/inference/component.md,,,UNMAPPED
tutorials/inference/component#initializing-with-an-existing-invoker:1,tutorials/inference/component.md,,,UNMAPPED
tutorials/inference/component#using-fallback-invokers:1,tutorials/inference/component.md,tutorials/inference/component/component.py,4-7,CONTENT_DRIFT
tutorials/inference/component#using-fallback-invokers:2,tutorials/inference/component.md,,,UNMAPPED
tutorials/inference/component#migrating-from-useslm:1,tutorials/inference/component.md,,,UNMAPPED
tutorials/inference/component#migrating-from-useslm:2,tutorials/inference/component.md,,,UNMAPPED
tutorials/inference/component#migrating-from-useslm:3,tutorials/inference/component.md,,,UNMAPPED
tutorials/inference/component#invoking-the-language-model:1,tutorials/inference/component.md,,,UNMAPPED
tutorials/inference/component#parsing-structured-output:1,tutorials/inference/component.md,,,UNMAPPED
tutorials/inference/em-invoker#installation/linux-macos-or-windows-wsl:1,tutorials/inference/em-invoker.md,,,UNMAPPED
tutorials/inference/em-invoker#installation/windows-powershell:1,tutorials/inference/em-invoker.md,,,UNMAPPED
tutorials/inference/em-invoker#installation/windows-command-prompt:1,tutorials/inference/em-invoker.md,,,UNMAPPED
tutorials/inference/em-invoker#quickstart:1,tutorials/inference/em-invoker.md,tutorials/inference/em_invoker/em_invoker.py,1-13,CONTENT_DRIFT
tutorials/inference/em-invoker#quickstart:2,tutorials/inference/em-invoker.md,,,UNMAPPED
tutorials/inference/em-invoker#batch-invocation:1,tutorials/inference/em-invoker.md,,,UNMAPPED
tutorials/inference/em-invoker#batch-invocation:2,tutorials/inference/em-invoker.md,,,UNMAPPED
tutorials/inference/em-invoker#multimodal-input/linux-macos-or-windows-wsl:1,tutorials/inference/em-invoker.md,,,UNMAPPED
tutorials/inference/em-invoker#multimodal-input/windows-powershell:1,tutorials/inference/em-invoker.md,,,UNMAPPED
tutorials/inference/em-invoker#multimodal-input/windows-command-prompt:1,tutorials/inference/em-invoker.md,,,UNMAPPED
tutorials/inference/em-invoker#multimodal-input:1,tutorials/inference/em-invoker.md,,,UNMAPPED
tutorials/inference/em-invoker#multimodal-input:2,tutorials/inference/em-invoker.md,,,UNMAPPED
tutorials/inference/em-invoker#text-truncation:1,tutorials/inference/em-invoker.md,,,UNMAPPED
tutorials/inference/em-invoker#vector-fusion:1,tutorials/inference/em-invoker.md,,,UNMAPPED
tutorials/inference/em-invoker#vector-fusion:2,tutorials/inference/em-invoker.md,,,UNMAPPED
tutorials/inference/em-invoker#retry-timeout:1,tutorials/inference/em-invoker.md,tutorials/inference/em_invoker/em_invoker.py,1-13,CONTENT_DRIFT
tutorials/inference/lm-invoker/batch-invocation#what-is-batch-invocation:1,tutorials/inference/lm-invoker/batch-invocation.md,tutorials/inference/lm_invoker/batch_invocation/batch_invocation.py,1-21,CONTENT_DRIFT
tutorials/inference/lm-invoker/batch-invocation#what-is-batch-invocation:2,tutorials/inference/lm-invoker/batch-invocation.md,,,UNMAPPED
tutorials/inference/lm-invoker/batch-invocation#create-a-batch-job:1,tutorials/inference/lm-invoker/batch-invocation.md,tutorials/inference/lm_invoker/batch_invocation/batch_invocation.py,8-11,CONTENT_DRIFT
tutorials/inference/lm-invoker/batch-invocation#get-a-batch-job-status:1,tutorials/inference/lm-invoker/batch-invocation.md,,,UNMAPPED
tutorials/inference/lm-invoker/batch-invocation#retrieve-a-batch-job-results:1,tutorials/inference/lm-invoker/batch-invocation.md,,,UNMAPPED
tutorials/inference/lm-invoker/batch-invocation#list-batch-jobs:1,tutorials/inference/lm-invoker/batch-invocation.md,,,UNMAPPED
tutorials/inference/lm-invoker/batch-invocation#cancel-a-batch-job:1,tutorials/inference/lm-invoker/batch-invocation.md,,,UNMAPPED
tutorials/inference/lm-invoker/client-lifecycle-management#ephemeral-client:1,tutorials/inference/lm-invoker/client-lifecycle-management.md,tutorials/inference/lm_invoker/client_lifecycle_management/001_ephemeral_client.py,10-19,CONTENT_DRIFT
tutorials/inference/lm-invoker/client-lifecycle-management#persistent-client:1,tutorials/inference/lm-invoker/client-lifecycle-management.md,tutorials/inference/lm_invoker/client_lifecycle_management/002_persistent_client.py,11-23,CONTENT_DRIFT
tutorials/inference/lm-invoker/client-lifecycle-management#persistent-client:2,tutorials/inference/lm-invoker/client-lifecycle-management.md,tutorials/inference/lm_invoker/client_lifecycle_management/002_persistent_client.py,8-30,CONTENT_DRIFT
tutorials/inference/lm-invoker/client-lifecycle-management#persistent-client:3,tutorials/inference/lm-invoker/client-lifecycle-management.md,tutorials/inference/lm_invoker/client_lifecycle_management/005_client_manager_context_manager.py,10-31,CONTENT_DRIFT
tutorials/inference/lm-invoker/client-lifecycle-management#persistent-client:4,tutorials/inference/lm-invoker/client-lifecycle-management.md,tutorials/inference/lm_invoker/client_lifecycle_management/006_client_manager_constructed.py,10-34,CONTENT_DRIFT
tutorials/inference/lm-invoker/client-lifecycle-management#persistent-client:5,tutorials/inference/lm-invoker/client-lifecycle-management.md,tutorials/inference/lm_invoker/client_lifecycle_management/004_external_http_client.py,9-35,CONTENT_DRIFT
tutorials/inference/lm-invoker/client-lifecycle-management#accessing-the-underlying-client:1,tutorials/inference/lm-invoker/client-lifecycle-management.md,tutorials/inference/lm_invoker/client_lifecycle_management/003_accessing_client.py,10-26,CONTENT_DRIFT
tutorials/inference/lm-invoker/code-interpreter#what-is-code-interpreter:1,tutorials/inference/lm-invoker/code-interpreter.md,tutorials/inference/lm_invoker/code_interpreter/code_interpreter.py,1-15,IN_SYNC
tutorials/inference/lm-invoker/code-interpreter#what-is-code-interpreter:2,tutorials/inference/lm-invoker/code-interpreter.md,,,UNMAPPED
tutorials/inference/lm-invoker/code-interpreter#what-is-code-interpreter:3,tutorials/inference/lm-invoker/code-interpreter.md,,,UNMAPPED
tutorials/inference/lm-invoker/code-interpreter#what-is-code-interpreter:4,tutorials/inference/lm-invoker/code-interpreter.md,,,UNMAPPED
tutorials/inference/lm-invoker/code-interpreter#what-is-code-interpreter:5,tutorials/inference/lm-invoker/code-interpreter.md,,,UNMAPPED
tutorials/inference/lm-invoker/context-management#getcontextwindow:1,tutorials/inference/lm-invoker/context-management.md,tutorials/inference/lm_invoker/context_management/context_management_get_context_window.py,1-14,CONTENT_DRIFT
tutorials/inference/lm-invoker/context-management#countinputtokensmessages:1,tutorials/inference/lm-invoker/context-management.md,tutorials/inference/lm_invoker/context_management/context_management_count_input_tokens.py,1-20,CONTENT_DRIFT
tutorials/inference/lm-invoker/context-management#countinputtokensmessages:2,tutorials/inference/lm-invoker/context-management.md,tutorials/inference/lm_invoker/context_management/context_management_guarded_invocation.py,1-26,CONTENT_DRIFT
tutorials/inference/lm-invoker/custom-processing-hooks#initialize-an-lm-invoker-with-hooks:1,tutorials/inference/lm-invoker/custom-processing-hooks.md,tutorials/inference/lm_invoker/custom_processing_hooks/custom_processing_hooks_init.py,1-23,CONTENT_DRIFT
tutorials/inference/lm-invoker/custom-processing-hooks#output-hooks:1,tutorials/inference/lm-invoker/custom-processing-hooks.md,tutorials/inference/lm_invoker/custom_processing_hooks/custom_processing_hooks_output_hooks.py,1-23,CONTENT_DRIFT
tutorials/inference/lm-invoker/custom-processing-hooks#streaming-hooks:1,tutorials/inference/lm-invoker/custom-processing-hooks.md,tutorials/inference/lm_invoker/custom_processing_hooks/custom_processing_hooks_streaming_hooks.py,1-26,CONTENT_DRIFT
tutorials/inference/lm-invoker/data-store-management#init-an-lm-invoker:1,tutorials/inference/lm-invoker/data-store-management.md,tutorials/inference/lm_invoker/data_store_management/data_store_management.py,3-8,CONTENT_DRIFT
tutorials/inference/lm-invoker/data-store-management#create-a-data-store:1,tutorials/inference/lm-invoker/data-store-management.md,tutorials/inference/lm_invoker/data_store_management/data_store_management.py,10-10,IN_SYNC
tutorials/inference/lm-invoker/data-store-management#list-the-data-stores:1,tutorials/inference/lm-invoker/data-store-management.md,,,UNMAPPED
tutorials/inference/lm-invoker/data-store-management#add-a-file-to-the-data-store:1,tutorials/inference/lm-invoker/data-store-management.md,,,UNMAPPED
tutorials/inference/lm-invoker/data-store-management#utilize-the-data-store-as-a-native-tool:1,tutorials/inference/lm-invoker/data-store-management.md,tutorials/inference/lm_invoker/data_store_management/data_store_management.py,12-17,CONTENT_DRIFT
tutorials/inference/lm-invoker/data-store-management#utilize-the-data-store-as-a-native-tool:2,tutorials/inference/lm-invoker/data-store-management.md,,,UNMAPPED
tutorials/inference/lm-invoker/data-store-management#utilize-the-data-store-as-a-native-tool:3,tutorials/inference/lm-invoker/data-store-management.md,,,UNMAPPED
tutorials/inference/lm-invoker/data-store-management#delete-the-data-store:1,tutorials/inference/lm-invoker/data-store-management.md,,,UNMAPPED
tutorials/inference/lm-invoker/file-management#init-an-lm-invoker:1,tutorials/inference/lm-invoker/file-management.md,tutorials/inference/lm_invoker/file_management/file_management.py,3-7,CONTENT_DRIFT
tutorials/inference/lm-invoker/file-management#upload-a-file:1,tutorials/inference/lm-invoker/file-management.md,,,UNMAPPED
tutorials/inference/lm-invoker/file-management#list-the-files:1,tutorials/inference/lm-invoker/file-management.md,tutorials/inference/lm_invoker/file_management/file_management.py,9-15,IN_SYNC
tutorials/inference/lm-invoker/file-management#invoke-lm-invoker-with-uploaded-file:1,tutorials/inference/lm-invoker/file-management.md,,,UNMAPPED
tutorials/inference/lm-invoker/file-management#delete-the-file:1,tutorials/inference/lm-invoker/file-management.md,,,UNMAPPED
tutorials/inference/lm-invoker/image-generation#what-is-image-generation:1,tutorials/inference/lm-invoker/image-generation.md,tutorials/inference/lm_invoker/image_generation/image_generation.py,1-21,IN_SYNC
tutorials/inference/lm-invoker/image-generation#what-is-image-generation:2,tutorials/inference/lm-invoker/image-generation.md,,,UNMAPPED
tutorials/inference/lm-invoker/image-generation#what-is-image-generation:3,tutorials/inference/lm-invoker/image-generation.md,,,UNMAPPED
tutorials/inference/lm-invoker/image-generation#what-is-image-generation:4,tutorials/inference/lm-invoker/image-generation.md,,,UNMAPPED
tutorials/inference/lm-invoker/input-transformer#configure-input-transformers:1,tutorials/inference/lm-invoker/input-transformer.md,tutorials/inference/lm_invoker/input_transformer/input_transformer.py,1-18,CONTENT_DRIFT
tutorials/inference/lm-invoker/input-transformer#identity-input-transformer:1,tutorials/inference/lm-invoker/input-transformer.md,tutorials/inference/lm_invoker/input_transformer/input_transformer.py,1-18,CONTENT_DRIFT
tutorials/inference/lm-invoker/input-transformer#filter-empty-input-transformer:1,tutorials/inference/lm-invoker/input-transformer.md,,,UNMAPPED
tutorials/inference/lm-invoker/mcp-connector#creating-mcp-connector-tools:1,tutorials/inference/lm-invoker/mcp-connector.md,tutorials/inference/lm_invoker/mcp_connector/mcp_connector.py,1-20,CONTENT_DRIFT
tutorials/inference/lm-invoker/mcp-connector#authentication-examples:1,tutorials/inference/lm-invoker/mcp-connector.md,tutorials/inference/lm_invoker/mcp_connector/mcp_connector.py,5-20,CONTENT_DRIFT
tutorials/inference/lm-invoker/mcp-connector#authentication-examples:2,tutorials/inference/lm-invoker/mcp-connector.md,,,UNMAPPED
tutorials/inference/lm-invoker/mcp-connector#authentication-examples:3,tutorials/inference/lm-invoker/mcp-connector.md,tutorials/inference/lm_invoker/mcp_connector/mcp_connector.py,5-20,CONTENT_DRIFT
tutorials/inference/lm-invoker/mcp-connector#complete-example-google-drive-integration:1,tutorials/inference/lm-invoker/mcp-connector.md,tutorials/inference/lm_invoker/mcp_connector/mcp_connector.py,1-39,CONTENT_DRIFT
tutorials/inference/lm-invoker/mcp-server#what-is-mcp-server:1,tutorials/inference/lm-invoker/mcp-server.md,tutorials/inference/lm_invoker/mcp_server/mcp_server.py,1-16,CONTENT_DRIFT
tutorials/inference/lm-invoker/mcp-server#what-is-mcp-server:2,tutorials/inference/lm-invoker/mcp-server.md,,,UNMAPPED
tutorials/inference/lm-invoker/mcp-server#what-is-mcp-server:3,tutorials/inference/lm-invoker/mcp-server.md,,,UNMAPPED
tutorials/inference/lm-invoker/output-transformer#configure-output-transformers:1,tutorials/inference/lm-invoker/output-transformer.md,tutorials/inference/lm_invoker/output_transformer/output_transformer.py,1-22,CONTENT_DRIFT
tutorials/inference/lm-invoker/output-transformer#identity-output-transformer:1,tutorials/inference/lm-invoker/output-transformer.md,tutorials/inference/lm_invoker/output_transformer/output_transformer.py,1-22,CONTENT_DRIFT
tutorials/inference/lm-invoker/output-transformer#json-output-transformer:1,tutorials/inference/lm-invoker/output-transformer.md,tutorials/inference/lm_invoker/output_transformer/output_transformer.py,1-22,CONTENT_DRIFT
tutorials/inference/lm-invoker/output-transformer#think-tag-output-transformer:1,tutorials/inference/lm-invoker/output-transformer.md,,,UNMAPPED
tutorials/inference/lm-invoker/output-transformer#validation-output-transformer:1,tutorials/inference/lm-invoker/output-transformer.md,tutorials/inference/lm_invoker/output_transformer/output_transformer.py,1-22,CONTENT_DRIFT
tutorials/inference/lm-invoker/output-transformer#validation-output-transformer:2,tutorials/inference/lm-invoker/output-transformer.md,,,UNMAPPED
tutorials/inference/lm-invoker/output-transformer#validation-output-transformer:3,tutorials/inference/lm-invoker/output-transformer.md,tutorials/inference/lm_invoker/output_transformer/output_transformer.py,4-17,CONTENT_DRIFT
tutorials/inference/lm-invoker/output-transformer#event-filter-output-transformer:1,tutorials/inference/lm-invoker/output-transformer.md,tutorials/inference/lm_invoker/output_transformer/output_transformer.py,1-22,CONTENT_DRIFT
tutorials/inference/lm-invoker/output-transformer#event-filter-output-transformer:2,tutorials/inference/lm-invoker/output-transformer.md,,,UNMAPPED
tutorials/inference/lm-invoker/output-transformer#event-filter-output-transformer:3,tutorials/inference/lm-invoker/output-transformer.md,,,UNMAPPED
tutorials/inference/lm-invoker/prompt-operations#build-a-prompt-template:1,tutorials/inference/lm-invoker/prompt-operations.md,tutorials/inference/lm_invoker/prompt_operations/prompt_operations.py,3-13,CONTENT_DRIFT
tutorials/inference/lm-invoker/prompt-operations#no-extra-parameters:1,tutorials/inference/lm-invoker/prompt-operations.md,tutorials/inference/lm_invoker/prompt_operations/prompt_operations.py,1-24,CONTENT_DRIFT
tutorials/inference/lm-invoker/prompt-operations#history:1,tutorials/inference/lm-invoker/prompt-operations.md,tutorials/inference/lm_invoker/prompt_operations/prompt_operations.py,1-24,CONTENT_DRIFT
tutorials/inference/lm-invoker/prompt-operations#extra-contents:1,tutorials/inference/lm-invoker/prompt-operations.md,tutorials/inference/lm_invoker/prompt_operations/prompt_operations.py,1-24,CONTENT_DRIFT
tutorials/inference/lm-invoker/prompt-operations#hyperparameters:1,tutorials/inference/lm-invoker/prompt-operations.md,tutorials/inference/lm_invoker/prompt_operations/prompt_operations.py,1-24,CONTENT_DRIFT
tutorials/inference/lm-invoker/prompt-operations#event-emitter:1,tutorials/inference/lm-invoker/prompt-operations.md,tutorials/inference/lm_invoker/prompt_operations/prompt_operations.py,1-23,CONTENT_DRIFT
tutorials/inference/lm-invoker/prompt-operations#max-calls:1,tutorials/inference/lm-invoker/prompt-operations.md,tutorials/inference/lm_invoker/prompt_operations/prompt_operations.py,1-24,CONTENT_DRIFT
tutorials/inference/lm-invoker/prompt-operations#prompt-variables:1,tutorials/inference/lm-invoker/prompt-operations.md,tutorials/inference/lm_invoker/prompt_operations/prompt_operations.py,1-24,CONTENT_DRIFT
tutorials/inference/lm-invoker/prompt-operations#clear-prompt-configuration:1,tutorials/inference/lm-invoker/prompt-operations.md,,,UNMAPPED
tutorials/inference/lm-invoker/prompt-operations#clear-prompt-configuration:2,tutorials/inference/lm-invoker/prompt-operations.md,tutorials/inference/lm_invoker/prompt_operations/prompt_operations.py,1-1,CONTENT_DRIFT
tutorials/inference/lm-invoker/prompt-operations#build-with-builder:1,tutorials/inference/lm-invoker/prompt-operations.md,,,UNMAPPED
tutorials/inference/lm-invoker/skills#init-an-lm-invoker:1,tutorials/inference/lm-invoker/skills.md,tutorials/inference/lm_invoker/skills/skills.py,3-4,CONTENT_DRIFT
tutorials/inference/lm-invoker/skills#create-a-skill:1,tutorials/inference/lm-invoker/skills.md,,,UNMAPPED
tutorials/inference/lm-invoker/skills#create-a-skill:2,tutorials/inference/lm-invoker/skills.md,,,UNMAPPED
tutorials/inference/lm-invoker/skills#list-skills:1,tutorials/inference/lm-invoker/skills.md,,,UNMAPPED
tutorials/inference/lm-invoker/skills#retrieve-a-skill:1,tutorials/inference/lm-invoker/skills.md,,,UNMAPPED
tutorials/inference/lm-invoker/skills#create-a-new-skill-version:1,tutorials/inference/lm-invoker/skills.md,,,UNMAPPED
tutorials/inference/lm-invoker/skills#list-skill-versions:1,tutorials/inference/lm-invoker/skills.md,,,UNMAPPED
tutorials/inference/lm-invoker/skills#retrieve-a-skill-version:1,tutorials/inference/lm-invoker/skills.md,,,UNMAPPED
tutorials/inference/lm-invoker/skills#delete-a-skill-version:1,tutorials/inference/lm-invoker/skills.md,,,UNMAPPED
tutorials/inference/lm-invoker/skills#delete-a-skill:1,tutorials/inference/lm-invoker/skills.md,,,UNMAPPED
tutorials/inference/lm-invoker/skills#using-skill-in-lm-invoker:1,tutorials/inference/lm-invoker/skills.md,tutorials/inference/lm_invoker/skills/skills.py,16-19,CONTENT_DRIFT
tutorials/inference/lm-invoker/skills#using-skill-in-lm-invoker:2,tutorials/inference/lm-invoker/skills.md,tutorials/inference/lm_invoker/skills/skills.py,3-21,CONTENT_DRIFT
tutorials/inference/lm-invoker/web-search#what-is-web-search:1,tutorials/inference/lm-invoker/web-search.md,tutorials/inference/lm_invoker/web_search/web_search.py,1-15,IN_SYNC
tutorials/inference/lm-invoker/web-search#what-is-web-search:2,tutorials/inference/lm-invoker/web-search.md,,,UNMAPPED
tutorials/inference/lm-invoker/web-search#what-is-web-search:3,tutorials/inference/lm-invoker/web-search.md,,,UNMAPPED
tutorials/inference/lm-request-processor#installation/linux-macos-or-windows-wsl:1,tutorials/inference/lm-request-processor.md,,,UNMAPPED
tutorials/inference/lm-request-processor#installation/windows-powershell:1,tutorials/inference/lm-request-processor.md,,,UNMAPPED
tutorials/inference/lm-request-processor#installation/windows-command-prompt:1,tutorials/inference/lm-request-processor.md,,,UNMAPPED
tutorials/inference/lm-request-processor#quickstart:1,tutorials/inference/lm-request-processor.md,tutorials/inference/lm_request_processor/lm_request_processor_basic_usage.py,1-21,CONTENT_DRIFT
tutorials/inference/lm-request-processor#quickstart:2,tutorials/inference/lm-request-processor.md,,,UNMAPPED
tutorials/inference/lm-request-processor#using-prompt-variables:1,tutorials/inference/lm-request-processor.md,tutorials/inference/lm_request_processor/lm_request_processor_prompt_variables.py,1-21,CONTENT_DRIFT
tutorials/inference/lm-request-processor#using-prompt-variables:2,tutorials/inference/lm-request-processor.md,,,UNMAPPED
tutorials/inference/lm-request-processor#adding-history:1,tutorials/inference/lm-request-processor.md,tutorials/inference/lm_request_processor/lm_request_processor_history.py,1-23,CONTENT_DRIFT
tutorials/inference/lm-request-processor#adding-history:2,tutorials/inference/lm-request-processor.md,,,UNMAPPED
tutorials/inference/lm-request-processor#adding-extra-contents:1,tutorials/inference/lm-request-processor.md,tutorials/inference/lm_request_processor/lm_request_processor_extra_contents.py,1-20,CONTENT_DRIFT
tutorials/inference/lm-request-processor#adding-extra-contents:2,tutorials/inference/lm-request-processor.md,,,UNMAPPED
tutorials/inference/lm-request-processor#automatic-tool-execution:1,tutorials/inference/lm-request-processor.md,tutorials/inference/lm_request_processor/lm_request_processor_tool_calling.py,1-30,CONTENT_DRIFT
tutorials/inference/lm-request-processor#automatic-tool-execution:2,tutorials/inference/lm-request-processor.md,,,UNMAPPED
tutorials/inference/lm-request-processor#automatic-tool-execution:3,tutorials/inference/lm-request-processor.md,tutorials/inference/lm_request_processor/lm_request_processor_tool_calling.py,25-26,CONTENT_DRIFT
tutorials/inference/lm-request-processor#automatic-tool-execution:4,tutorials/inference/lm-request-processor.md,,,UNMAPPED
tutorials/inference/lm-request-processor#use-lm-request-processor-builder-recommended:1,tutorials/inference/lm-request-processor.md,tutorials/inference/lm_request_processor/lm_request_processor_builder.py,1-11,IN_SYNC
tutorials/inference/lm-request-processor#using-lm-based-components:1,tutorials/inference/lm-request-processor.md,tutorials/inference/lm_request_processor/lm_request_processor_components.py,3-27,CONTENT_DRIFT
tutorials/inference/lm-request-processor#using-lm-based-components:2,tutorials/inference/lm-request-processor.md,tutorials/inference/lm_request_processor/lm_request_processor_components.py,30-34,IN_SYNC
tutorials/inference/lm-request-processor#using-lm-based-components:3,tutorials/inference/lm-request-processor.md,tutorials/inference/lm_request_processor/lm_request_processor_components.py,40-44,CONTENT_DRIFT
tutorials/inference/prompt-builder#installation/linux-macos-or-windows-wsl:1,tutorials/inference/prompt-builder.md,,,UNMAPPED
tutorials/inference/prompt-builder#installation/windows-powershell:1,tutorials/inference/prompt-builder.md,,,UNMAPPED
tutorials/inference/prompt-builder#installation/windows-command-prompt:1,tutorials/inference/prompt-builder.md,,,UNMAPPED
tutorials/inference/prompt-builder#quickstart:1,tutorials/inference/prompt-builder.md,tutorials/inference/prompt_builder/prompt_builder.py,1-12,CONTENT_DRIFT
tutorials/inference/prompt-builder#quickstart:2,tutorials/inference/prompt-builder.md,,,UNMAPPED
tutorials/inference/prompt-builder#prompt-variables:1,tutorials/inference/prompt-builder.md,tutorials/inference/prompt_builder/prompt_builder.py,1-22,CONTENT_DRIFT
tutorials/inference/prompt-builder#prompt-variables:2,tutorials/inference/prompt-builder.md,,,UNMAPPED
tutorials/inference/prompt-builder#adding-history:1,tutorials/inference/prompt-builder.md,tutorials/inference/prompt_builder/prompt_builder.py,1-36,CONTENT_DRIFT
tutorials/inference/prompt-builder#adding-history:2,tutorials/inference/prompt-builder.md,,,UNMAPPED
tutorials/inference/prompt-builder#adding-extra-contents:1,tutorials/inference/prompt-builder.md,tutorials/inference/prompt_builder/prompt_builder.py,1-22,CONTENT_DRIFT
tutorials/inference/prompt-builder#adding-extra-contents:2,tutorials/inference/prompt-builder.md,,,UNMAPPED
tutorials/inference/prompt-builder#1-string-format-strategy-stringformatstrategy-default:1,tutorials/inference/prompt-builder.md,tutorials/inference/prompt_builder/prompt_builder.py,1-12,CONTENT_DRIFT
tutorials/inference/realtime-session#installation/linux-macos-or-windows-wsl:1,tutorials/inference/realtime-session.md,,,UNMAPPED
tutorials/inference/realtime-session#installation/windows-powershell:1,tutorials/inference/realtime-session.md,,,UNMAPPED
tutorials/inference/realtime-session#installation/windows-command-prompt:1,tutorials/inference/realtime-session.md,,,UNMAPPED
tutorials/inference/realtime-session#quickstart:1,tutorials/inference/realtime-session.md,tutorials/inference/realtime_session/01_realtime_session_text_only.py,1-4,CONTENT_DRIFT
tutorials/inference/realtime-session#quickstart:2,tutorials/inference/realtime-session.md,,,UNMAPPED
tutorials/inference/realtime-session#quickstart:3,tutorials/inference/realtime-session.md,,,UNMAPPED
tutorials/inference/realtime-session#quickstart:4,tutorials/inference/realtime-session.md,,,UNMAPPED
tutorials/inference/realtime-session#io-streamer-customization:1,tutorials/inference/realtime-session.md,,,UNMAPPED
tutorials/inference/realtime-session#io-streamer-customization:2,tutorials/inference/realtime-session.md,,,UNMAPPED
tutorials/inference/realtime-session#io-streamer-customization:3,tutorials/inference/realtime-session.md,tutorials/inference/realtime_session/02_realtime_session_text_and_audio.py,11-12,CONTENT_DRIFT
tutorials/inference/realtime-session#tool-calling:1,tutorials/inference/realtime-session.md,tutorials/inference/realtime_session/03_realtime_session_with_tool_calling.py,1-21,CONTENT_DRIFT
tutorials/inference/realtime-session#tool-calling:2,tutorials/inference/realtime-session.md,,,UNMAPPED
tutorials/inference/realtime-session#tool-calling:3,tutorials/inference/realtime-session.md,,,UNMAPPED
tutorials/inference/realtime-session#tool-calling:4,tutorials/inference/realtime-session.md,,,UNMAPPED
tutorials/inference/realtime-session#integration-with-external-system:1,tutorials/inference/realtime-session.md,tutorials/inference/realtime_session/04_realtime_session_integration.py,1-65,CONTENT_DRIFT
tutorials/inference/realtime-session#integration-with-external-system:2,tutorials/inference/realtime-session.md,,,UNMAPPED
tutorials/inference/realtime-session#integration-with-external-system:3,tutorials/inference/realtime-session.md,,,UNMAPPED
tutorials/inference/schema#attachment:1,tutorials/inference/schema.md,tutorials/inference/schema/schema.py,1-13,IN_SYNC
tutorials/inference/schema#attachment:2,tutorials/inference/schema.md,,,UNMAPPED
tutorials/inference/schema#attachment:3,tutorials/inference/schema.md,,,UNMAPPED
tutorials/inference/schema#attachment:4,tutorials/inference/schema.md,,,UNMAPPED
tutorials/inference/schema#attachment:5,tutorials/inference/schema.md,,,UNMAPPED
tutorials/inference/schema#attachment:6,tutorials/inference/schema.md,,,UNMAPPED
tutorials/inference/schema#attachment:7,tutorials/inference/schema.md,,,UNMAPPED
tutorials/inference/schema#attachment:8,tutorials/inference/schema.md,,,UNMAPPED
tutorials/inference/schema#attachment:9,tutorials/inference/schema.md,,,UNMAPPED
tutorials/inference/schema#attachment:10,tutorials/inference/schema.md,,,UNMAPPED
tutorials/inference/schema#message:1,tutorials/inference/schema.md,,,UNMAPPED
tutorials/inference/schema#message:2,tutorials/inference/schema.md,,,UNMAPPED
tutorials/inference/schema#lmoutput:1,tutorials/inference/schema.md,,,UNMAPPED
tutorials/inference/schema#toolcall-and-toolresult:1,tutorials/inference/schema.md,,,UNMAPPED
tutorials/inference/schema#thinking:1,tutorials/inference/schema.md,,,UNMAPPED
tutorials/inference/schema#tokenusage:1,tutorials/inference/schema.md,,,UNMAPPED
tutorials/inference/schema#thinkingconfig:1,tutorials/inference/schema.md,,,UNMAPPED
tutorials/inference/schema#truncationconfig:1,tutorials/inference/schema.md,,,UNMAPPED
tutorials/orchestration/pipeline#installation/linux-macos-or-windows-wsl:1,tutorials/orchestration/pipeline.md,,,UNMAPPED
tutorials/orchestration/pipeline#installation/windows-powershell:1,tutorials/orchestration/pipeline.md,,,UNMAPPED
tutorials/orchestration/pipeline#installation/windows-command-prompt:1,tutorials/orchestration/pipeline.md,,,UNMAPPED
tutorials/orchestration/pipeline#quickstart/import-the-pipeline-and-the-steps:1,tutorials/orchestration/pipeline.md,tutorials/orchestration/pipeline/append_step.py,10-10,CONTENT_DRIFT
tutorials/orchestration/pipeline#quickstart/define-your-state:1,tutorials/orchestration/pipeline.md,tutorials/orchestration/pipeline/pipeline.py,14-18,IN_SYNC
tutorials/orchestration/pipeline#quickstart/define-your-steps:1,tutorials/orchestration/pipeline.md,tutorials/orchestration/pipeline/debug_state.py,21-38,CONTENT_DRIFT
tutorials/orchestration/pipeline#quickstart/invoke-the-pipeline:1,tutorials/orchestration/pipeline.md,tutorials/orchestration/pipeline/pipeline.py,7-47,CONTENT_DRIFT
tutorials/orchestration/pipeline#quickstart/invoke-the-pipeline:2,tutorials/orchestration/pipeline.md,,,UNMAPPED
tutorials/orchestration/pipeline#the-pipe-operator:1,tutorials/orchestration/pipeline.md,tutorials/orchestration/pipeline/pipe_operator.py,13-38,CONTENT_DRIFT
tutorials/orchestration/pipeline#appending-a-step:1,tutorials/orchestration/pipeline.md,tutorials/orchestration/pipeline/append_step.py,30-41,CONTENT_DRIFT
tutorials/orchestration/pipeline#merge-two-pipelines:1,tutorials/orchestration/pipeline.md,tutorials/orchestration/pipeline/merge_pipelines.py,30-47,CONTENT_DRIFT
tutorials/orchestration/pipeline#placeholder-pipelines:1,tutorials/orchestration/pipeline.md,tutorials/orchestration/pipeline/placeholder_pipeline.py,32-38,CONTENT_DRIFT
tutorials/orchestration/pipeline#visualizing-the-pipeline:1,tutorials/orchestration/pipeline.md,tutorials/orchestration/pipeline/visualize_pipeline.py,41-42,IN_SYNC
tutorials/orchestration/pipeline#visualizing-the-pipeline:2,tutorials/orchestration/pipeline.md,,,UNMAPPED
tutorials/orchestration/pipeline#runtime-configuration:1,tutorials/orchestration/pipeline.md,,,UNMAPPED
tutorials/orchestration/pipeline#runtime-configuration:2,tutorials/orchestration/pipeline.md,tutorials/orchestration/pipeline/runtime_config.py,7-50,CONTENT_DRIFT
tutorials/orchestration/pipeline#runtime-configuration:3,tutorials/orchestration/pipeline.md,,,UNMAPPED
tutorials/orchestration/pipeline#runtime-configuration:4,tutorials/orchestration/pipeline.md,tutorials/orchestration/pipeline/runtime_config_component.py,7-53,CONTENT_DRIFT
tutorials/orchestration/pipeline#using-typeddict-for-simple-schemas:1,tutorials/orchestration/pipeline.md,tutorials/orchestration/pipeline/input_output_schema_typeddict.py,7-59,CONTENT_DRIFT
tutorials/orchestration/pipeline#using-pydantic-for-validation:1,tutorials/orchestration/pipeline.md,tutorials/orchestration/pipeline/input_output_schema_pydantic.py,7-76,CONTENT_DRIFT
tutorials/orchestration/pipeline#converting-to-a-tool:1,tutorials/orchestration/pipeline.md,tutorials/orchestration/pipeline/pipeline_as_tool.py,8-42,CONTENT_DRIFT
tutorials/orchestration/pipeline#example-best-effort-inference:1,tutorials/orchestration/pipeline.md,tutorials/orchestration/pipeline/schema_inference_best_effort.py,11-40,CONTENT_DRIFT
tutorials/orchestration/pipeline#example-strict-inference-with-an-unsafe-step:1,tutorials/orchestration/pipeline.md,tutorials/orchestration/pipeline/schema_inference_strict.py,12-48,CONTENT_DRIFT
tutorials/orchestration/pipeline#using-the-debug-state:1,tutorials/orchestration/pipeline.md,tutorials/orchestration/pipeline/debug_state.py,40-44,CONTENT_DRIFT
tutorials/orchestration/pipeline#using-a-pipeline-as-a-subgraph:1,tutorials/orchestration/pipeline.md,tutorials/orchestration/pipeline/subgraph_pipeline.py,14-68,CONTENT_DRIFT
tutorials/orchestration/pipeline#using-the-leftshift-operator:1,tutorials/orchestration/pipeline.md,tutorials/orchestration/pipeline/subgraph_leftshift.py,23-58,CONTENT_DRIFT
tutorials/retrieval/chunk-processor#installation/linux-macos-or-windows-wsl:1,tutorials/retrieval/chunk-processor.md,,,UNMAPPED
tutorials/retrieval/chunk-processor#installation/windows-powershell:1,tutorials/retrieval/chunk-processor.md,,,UNMAPPED
tutorials/retrieval/chunk-processor#installation/windows-command-prompt:1,tutorials/retrieval/chunk-processor.md,,,UNMAPPED
tutorials/retrieval/chunk-processor#deduplicating-chunks:1,tutorials/retrieval/chunk-processor.md,tutorials/retrieval/chunk_processor/chunk_processor.py,7-24,CONTENT_DRIFT
tutorials/retrieval/chunk-processor#deduplicating-chunks:2,tutorials/retrieval/chunk-processor.md,,,UNMAPPED
tutorials/retrieval/chunk-processor#merging-adjacent-chunks:1,tutorials/retrieval/chunk-processor.md,,,UNMAPPED
tutorials/retrieval/chunk-processor#merging-adjacent-chunks:2,tutorials/retrieval/chunk-processor.md,,,UNMAPPED
tutorials/retrieval/chunk-processor#merging-chunk-metadata:1,tutorials/retrieval/chunk-processor.md,,,UNMAPPED
tutorials/retrieval/chunk-processor#merging-chunk-metadata:2,tutorials/retrieval/chunk-processor.md,,,UNMAPPED
tutorials/retrieval/query-transformer#installation/linux-macos-or-windows-wsl:1,tutorials/retrieval/query-transformer.md,,,UNMAPPED
tutorials/retrieval/query-transformer#installation/windows-powershell:1,tutorials/retrieval/query-transformer.md,,,UNMAPPED
tutorials/retrieval/query-transformer#installation/windows-command-prompt:1,tutorials/retrieval/query-transformer.md,,,UNMAPPED
tutorials/retrieval/query-transformer#quickstart/imports:1,tutorials/retrieval/query-transformer.md,tutorials/retrieval/query_transformer/query_transformer.py,7-12,CONTENT_DRIFT
tutorials/retrieval/query-transformer#quickstart/create-an-lm-invoker:1,tutorials/retrieval/query-transformer.md,,,UNMAPPED
tutorials/retrieval/query-transformer#quickstart/create-a-one-to-one-query-transformer:1,tutorials/retrieval/query-transformer.md,tutorials/retrieval/query_transformer/query_transformer.py,22-26,CONTENT_DRIFT
tutorials/retrieval/query-transformer#example-1-extracting-from-json-output:1,tutorials/retrieval/query-transformer.md,,,UNMAPPED
tutorials/retrieval/query-transformer#example-2-extracting-from-structured-output:1,tutorials/retrieval/query-transformer.md,,,UNMAPPED
tutorials/retrieval/query-transformer#error-handling:1,tutorials/retrieval/query-transformer.md,,,UNMAPPED
tutorials/retrieval/query-transformer#one-to-many-query-expansion:1,tutorials/retrieval/query-transformer.md,,,UNMAPPED
tutorials/retrieval/query-transformer#many-to-one-conversation-condensation:1,tutorials/retrieval/query-transformer.md,,,UNMAPPED
tutorials/retrieval/query-transformer#no-op-passthrough:1,tutorials/retrieval/query-transformer.md,,,UNMAPPED
tutorials/retrieval/reranker#installation/linux-macos-or-windows-wsl:1,tutorials/retrieval/reranker.md,,,UNMAPPED
tutorials/retrieval/reranker#installation/windows-powershell:1,tutorials/retrieval/reranker.md,,,UNMAPPED
tutorials/retrieval/reranker#installation/windows-command-prompt:1,tutorials/retrieval/reranker.md,,,UNMAPPED
tutorials/retrieval/reranker#quickstart:1,tutorials/retrieval/reranker.md,tutorials/retrieval/reranker/reranker.py,7-33,CONTENT_DRIFT
tutorials/retrieval/reranker#quickstart:2,tutorials/retrieval/reranker.md,,,UNMAPPED
tutorials/retrieval/reranker#similarity-based-reranking:1,tutorials/retrieval/reranker.md,tutorials/retrieval/reranker/reranker.py,11-30,CONTENT_DRIFT
tutorials/retrieval/reranker#tei-reranking:1,tutorials/retrieval/reranker.md,,,UNMAPPED
tutorials/retrieval/reranker#flagembedding-reranking:1,tutorials/retrieval/reranker.md,,,UNMAPPED
tutorials/retrieval/reranker#flagembedding-reranking:2,tutorials/retrieval/reranker.md,,,UNMAPPED
tutorials/retrieval/reranker#cohere-bedrock-reranking:1,tutorials/retrieval/reranker.md,,,UNMAPPED
tutorials/retrieval/reranker#cohere-bedrock-reranking:2,tutorials/retrieval/reranker.md,,,UNMAPPED
tutorials/retrieval/reranker#jina-ai-reranking:1,tutorials/retrieval/reranker.md,,,UNMAPPED
tutorials/retrieval/reranker#using-rerankers-in-pipelines:1,tutorials/retrieval/reranker.md,,,UNMAPPED
tutorials/retrieval/retrieval-parameter-extractor#installation/linux-macos-or-windows-wsl:1,tutorials/retrieval/retrieval-parameter-extractor.md,,,UNMAPPED
tutorials/retrieval/retrieval-parameter-extractor#installation/windows-powershell:1,tutorials/retrieval/retrieval-parameter-extractor.md,,,UNMAPPED
tutorials/retrieval/retrieval-parameter-extractor#installation/windows-command-prompt:1,tutorials/retrieval/retrieval-parameter-extractor.md,,,UNMAPPED
tutorials/retrieval/retrieval-parameter-extractor#quickstart:1,tutorials/retrieval/retrieval-parameter-extractor.md,tutorials/retrieval/retrieval_parameter_extractor/retrieval_parameter_extractor.py,7-67,CONTENT_DRIFT
tutorials/retrieval/retrieval-parameter-extractor#passing-a-validator:1,tutorials/retrieval/retrieval-parameter-extractor.md,tutorials/retrieval/retrieval_parameter_extractor/retrieval_parameter_extractor.py,7-67,CONTENT_DRIFT
tutorials/data-store/batching#configuration-during-capability-registration:1,tutorials/data-store/batching.md,tutorials/data_store/batching/batching.py,12-37,CONTENT_DRIFT
tutorials/data-store/batching#environment-specific-examples/local-development:1,tutorials/data-store/batching.md,tutorials/data_store/batching/batching.py,22-30,CONTENT_DRIFT
tutorials/data-store/batching#environment-specific-examples/production-cloud:1,tutorials/data-store/batching.md,tutorials/data_store/batching/batching.py,12-37,CONTENT_DRIFT
tutorials/data-store/batching#per-call-batching-override:1,tutorials/data-store/batching.md,,,UNMAPPED
tutorials/data-store/cache#installation/linux-macos-or-windows-wsl:1,tutorials/data-store/cache.md,,,UNMAPPED
tutorials/data-store/cache#installation/windows-powershell:1,tutorials/data-store/cache.md,,,UNMAPPED
tutorials/data-store/cache#installation/windows-command-prompt:1,tutorials/data-store/cache.md,,,UNMAPPED
tutorials/data-store/cache#quick-start:1,tutorials/data-store/cache.md,tutorials/data_store/cache/cache.py,13-21,CONTENT_DRIFT
tutorials/data-store/cache#decorator-usage:1,tutorials/data-store/cache.md,tutorials/data_store/cache/cache_decorator.py,36-43,CONTENT_DRIFT
tutorials/data-store/cache#custom-cache-key:1,tutorials/data-store/cache.md,tutorials/data_store/cache/cache_decorator.py,47-50,CONTENT_DRIFT
tutorials/data-store/cache#named-cache-key-prefix:1,tutorials/data-store/cache.md,tutorials/data_store/cache/cache_decorator.py,58-59,CONTENT_DRIFT
tutorials/data-store/cache#per-function-matching-and-eviction-settings:1,tutorials/data-store/cache.md,tutorials/data_store/cache/cache_decorator.py,11-70,CONTENT_DRIFT
tutorials/data-store/cache#direct-cache-operations:1,tutorials/data-store/cache.md,tutorials/data_store/cache/cache.py,9-48,CONTENT_DRIFT
tutorials/data-store/cache#exact-retrieval:1,tutorials/data-store/cache.md,tutorials/data_store/cache/cache_decorator.py,11-34,CONTENT_DRIFT
tutorials/data-store/cache#fuzzy-retrieval:1,tutorials/data-store/cache.md,tutorials/data_store/cache/cache_decorator.py,11-69,CONTENT_DRIFT
tutorials/data-store/cache#semantic-retrieval:1,tutorials/data-store/cache.md,tutorials/data_store/cache/cache_semantic.py,11-36,CONTENT_DRIFT
tutorials/data-store/cache#filtering-cache-entries:1,tutorials/data-store/cache.md,tutorials/data_store/cache/cache.py,12-45,CONTENT_DRIFT
tutorials/data-store/cache#lifecycle-start-close-and-async-context-manager:1,tutorials/data-store/cache.md,tutorials/data_store/cache/cache_eviction.py,32-41,CONTENT_DRIFT
tutorials/data-store/cache#lru-and-lfu-eviction:1,tutorials/data-store/cache.md,tutorials/data_store/cache/cache_eviction.py,33-55,CONTENT_DRIFT
tutorials/data-store/encryption#aes-gcm-encryptor:1,tutorials/data-store/encryption.md,tutorials/data_store/encryption/encryption.py,9-28,CONTENT_DRIFT
tutorials/data-store/encryption#key-rotating-encryptor:1,tutorials/data-store/encryption.md,tutorials/data_store/encryption/encryption_key_rotating.py,11-27,CONTENT_DRIFT
tutorials/data-store/encryption#kms-encryptor:1,tutorials/data-store/encryption.md,,,UNMAPPED
tutorials/data-store/encryption#example-chroma-data-store:1,tutorials/data-store/encryption.md,tutorials/data_store/encryption/encryption.py,14-41,CONTENT_DRIFT
tutorials/data-store/encryption#using-encrypted-data-store:1,tutorials/data-store/encryption.md,tutorials/data_store/encryption/encryption.py,12-57,CONTENT_DRIFT
tutorials/data-store/encryption#correct-vs-incorrect-usage:1,tutorials/data-store/encryption.md,tutorials/data_store/encryption/encryption.py,60-62,IN_SYNC
tutorials/data-store/encryption#correct-vs-incorrect-usage:2,tutorials/data-store/encryption.md,tutorials/data_store/encryption/encryption.py,34-34,CONTENT_DRIFT
tutorials/data-store/encryption#correct-vs-incorrect-usage:3,tutorials/data-store/encryption.md,tutorials/data_store/encryption/encryption.py,34-34,CONTENT_DRIFT
tutorials/data-store/query-filter#installation/linux-macos-or-windows-wsl:1,tutorials/data-store/query-filter.md,,,UNMAPPED
tutorials/data-store/query-filter#installation/windows-powershell:1,tutorials/data-store/query-filter.md,,,UNMAPPED
tutorials/data-store/query-filter#installation/windows-command-prompt:1,tutorials/data-store/query-filter.md,,,UNMAPPED
tutorials/data-store/query-filter#quick-lookups-single-clause:1,tutorials/data-store/query-filter.md,tutorials/data_store/query_filter/metadata_filter.py,11-49,CONTENT_DRIFT
tutorials/data-store/query-filter#combining-conditions-flat-and:1,tutorials/data-store/query-filter.md,tutorials/data_store/query_filter/metadata_filter.py,52-61,CONTENT_DRIFT
tutorials/data-store/query-filter#nested-logic-and-or-not:1,tutorials/data-store/query-filter.md,tutorials/data_store/query_filter/metadata_filter.py,67-75,IN_SYNC
tutorials/data-store/query-filter#reusable-filter-snippets:1,tutorials/data-store/query-filter.md,,,UNMAPPED
tutorials/data-store/query-filter#building-filters-from-dictionaries:1,tutorials/data-store/query-filter.md,tutorials/data_store/query_filter/query_filter_from_dicts.py,12-54,CONTENT_DRIFT
tutorials/data-store/query-filter#query-options:1,tutorials/data-store/query-filter.md,tutorials/data_store/query_filter/bm25_search_fields.py,70-71,CONTENT_DRIFT
tutorials/data-store/query-filter#limiting-results:1,tutorials/data-store/query-filter.md,tutorials/data_store/query_filter/query_options.py,43-46,IN_SYNC
tutorials/data-store/query-filter#pagination:1,tutorials/data-store/query-filter.md,tutorials/data_store/query_filter/query_options.py,51-58,CONTENT_DRIFT
tutorials/data-store/query-filter#sorting:1,tutorials/data-store/query-filter.md,tutorials/data_store/query_filter/query_options.py,62-69,IN_SYNC
tutorials/data-store/query-filter#field-projections:1,tutorials/data-store/query-filter.md,tutorials/data_store/query_filter/query_options.py,53-69,CONTENT_DRIFT
tutorials/data-store/query-filter#field-targeted-search-bm25:1,tutorials/data-store/query-filter.md,tutorials/data_store/query_filter/bm25_search_fields.py,68-102,CONTENT_DRIFT
tutorials/data-store/query-filter#fuzzy-metadata-filter:1,tutorials/data-store/query-filter.md,tutorials/data_store/query_filter/query_filter_from_dicts.py,54-54,CONTENT_DRIFT
tutorials/data-store/query-filter#fuzzy-metadata-filter:2,tutorials/data-store/query-filter.md,,,UNMAPPED
tutorials/data-store/query-filter#existence-filter:1,tutorials/data-store/query-filter.md,,,UNMAPPED
tutorials/data-store/query-filter#existence-filter:2,tutorials/data-store/query-filter.md,tutorials/data_store/query_filter/query_filter_from_dicts.py,54-54,CONTENT_DRIFT
tutorials/data-store/key-value-store#installation/linux-macos-or-windows-wsl:1,tutorials/data-store/key-value-store.md,,,UNMAPPED
tutorials/data-store/key-value-store#installation/windows-powershell:1,tutorials/data-store/key-value-store.md,,,UNMAPPED
tutorials/data-store/key-value-store#installation/windows-command-prompt:1,tutorials/data-store/key-value-store.md,,,UNMAPPED
tutorials/data-store/key-value-store#quick-start:1,tutorials/data-store/key-value-store.md,tutorials/data_store/key_value_store/key_value_store.py,10-34,CONTENT_DRIFT
tutorials/data-store/key-value-store#reading-secrets:1,tutorials/data-store/key-value-store.md,,,UNMAPPED
tutorials/data-store/key-value-store#reading-secrets:2,tutorials/data-store/key-value-store.md,tutorials/data_store/key_value_store/key_value_store.py,40-42,CONTENT_DRIFT
tutorials/data-store/key-value-store#writing-secrets:1,tutorials/data-store/key-value-store.md,tutorials/data_store/key_value_store/key_value_store.py,24-31,CONTENT_DRIFT
tutorials/data-store/key-value-store#writing-secrets:2,tutorials/data-store/key-value-store.md,tutorials/data_store/key_value_store/key_value_store.py,46-50,CONTENT_DRIFT
tutorials/data-store/key-value-store#partial-updates:1,tutorials/data-store/key-value-store.md,tutorials/data_store/key_value_store/key_value_store_advanced.py,26-29,CONTENT_DRIFT
tutorials/data-store/key-value-store#listing-keys:1,tutorials/data-store/key-value-store.md,tutorials/data_store/key_value_store/key_value_store.py,53-53,CONTENT_DRIFT
tutorials/data-store/key-value-store#listing-keys:2,tutorials/data-store/key-value-store.md,,,UNMAPPED
tutorials/data-store/key-value-store#soft-delete:1,tutorials/data-store/key-value-store.md,tutorials/data_store/key_value_store/key_value_store_advanced.py,32-32,CONTENT_DRIFT
tutorials/data-store/key-value-store#restore-deleted-versions:1,tutorials/data-store/key-value-store.md,tutorials/data_store/key_value_store/key_value_store_advanced.py,35-35,CONTENT_DRIFT
tutorials/data-store/key-value-store#permanent-destruction:1,tutorials/data-store/key-value-store.md,tutorials/data_store/key_value_store/key_value_store_advanced.py,38-38,CONTENT_DRIFT
tutorials/data-store/key-value-store#atomic-updates-with-retry:1,tutorials/data-store/key-value-store.md,,,UNMAPPED
tutorials/data-store/key-value-store#version-history-tracking:1,tutorials/data-store/key-value-store.md,,,UNMAPPED
tutorials/data-store/key-value-store#namespace-organization:1,tutorials/data-store/key-value-store.md,,,UNMAPPED
tutorials/data-store/key-value-store#error-handling:1,tutorials/data-store/key-value-store.md,tutorials/data_store/key_value_store/key_value_store_advanced.py,8-57,CONTENT_DRIFT
tutorials/data-store/legacy/vector-data-store/quickstart-with-vector-data-store#installation/linux-macos-or-windows-wsl:1,tutorials/data-store/legacy/vector-data-store/quickstart-with-vector-data-store.md,,,UNMAPPED
tutorials/data-store/legacy/vector-data-store/quickstart-with-vector-data-store#installation/windows-powershell:1,tutorials/data-store/legacy/vector-data-store/quickstart-with-vector-data-store.md,,,UNMAPPED
tutorials/data-store/legacy/vector-data-store/quickstart-with-vector-data-store#installation/windows-command-prompt:1,tutorials/data-store/legacy/vector-data-store/quickstart-with-vector-data-store.md,,,UNMAPPED
tutorials/data-store/legacy/vector-data-store/quickstart-with-vector-data-store#save-and-retrieve-data:1,tutorials/data-store/legacy/vector-data-store/quickstart-with-vector-data-store.md,tutorials/data_store/legacy_data_store/quickstart.py,11-32,CONTENT_DRIFT
tutorials/data-store/legacy/vector-data-store/quickstart-with-vector-data-store#metadata-filtering:1,tutorials/data-store/legacy/vector-data-store/quickstart-with-vector-data-store.md,tutorials/data_store/legacy_data_store/metadata_filtering.py,26-39,CONTENT_DRIFT
